shortcode,link_postingan,teks_asli,teks_bersih,sentimen,skor,topik
DWgJIj1Cbsi,https://www.instagram.com/p/DWgJIj1Cbsi/,achmad_officials,achmad_officials,netral,0.986,umum
DWgJIj1Cbsi,https://www.instagram.com/p/DWgJIj1Cbsi/,kecoak_tanpa_sayap,kecoak_tanpa_sayap,negatif,0.994,umum
DWgJIj1Cbsi,https://www.instagram.com/p/DWgJIj1Cbsi/,nlndraaa_z,nlndraaa_z,positif,0.568,umum
DWgJIj1Cbsi,https://www.instagram.com/p/DWgJIj1Cbsi/,taufik_m4th,taufik_m4th,netral,0.987,umum
DWgJIj1Cbsi,https://www.instagram.com/p/DWgJIj1Cbsi/,skyviews_id,skyviews_id,netral,0.991,umum
DWgJIj1Cbsi,https://www.instagram.com/p/DWgJIj1Cbsi/,wisatagresik,wisatagresik,netral,0.866,wisata
DWgJIj1Cbsi,https://www.instagram.com/p/DWgJIj1Cbsi/,remekkan_kopi,remekkan_kopi,negatif,0.976,umum
DWgJIj1Cbsi,https://www.instagram.com/p/DWgJIj1Cbsi/,s.yantimaya,syantimaya,positif,0.955,umum
DWgJIj1Cbsi,https://www.instagram.com/p/DWgJIj1Cbsi/,uz_az64,uz_az64,netral,0.982,umum
DWgJIj1Cbsi,https://www.instagram.com/p/DWgJIj1Cbsi/,aminnzein,aminnzein,positif,0.977,umum
DWgJIj1Cbsi,https://www.instagram.com/p/DWgJIj1Cbsi/,arrahman_ari,arrahman_ari,netral,0.987,umum
DWgJIj1Cbsi,https://www.instagram.com/p/DWgJIj1Cbsi/,7815felicia,7815felicia,netral,0.872,umum
DWgJIj1Cbsi,https://www.instagram.com/p/DWgJIj1Cbsi/,dickyywhyudi_,dickyywhyudi_,netral,0.883,umum
DWgJIj1Cbsi,https://www.instagram.com/p/DWgJIj1Cbsi/,danangtri_22,danangtri_22,netral,0.99,umum
DWgJIj1Cbsi,https://www.instagram.com/p/DWgJIj1Cbsi/,etik_asr,etik_asr,netral,0.973,umum
DWgJIj1Cbsi,https://www.instagram.com/p/DWgJIj1Cbsi/,marthahputra,marthahputra,netral,0.612,umum
DWgJIj1Cbsi,https://www.instagram.com/p/DWgJIj1Cbsi/,affan_abdlhkm,affan_abdlhkm,netral,0.984,umum
DWgJIj1Cbsi,https://www.instagram.com/p/DWgJIj1Cbsi/,kessyrahedy,kessyrahedy,positif,0.612,umum
DWgJIj1Cbsi,https://www.instagram.com/p/DWgJIj1Cbsi/,netizen__fi_sabilillah,netizen__fi_sabilillah,netral,0.957,umum
DaUmCT4CWRm,https://www.instagram.com/p/DaUmCT4CWRm/,iy_mita,iy_mita,netral,0.987,umum
DaUmCT4CWRm,https://www.instagram.com/p/DaUmCT4CWRm/,oyy_imm_,oyy_imm_,positif,0.65,umum
DaUmCT4CWRm,https://www.instagram.com/p/DaUmCT4CWRm/,natasyaastcuu,natasyaastcuu,positif,0.926,umum
DUfHUeGERC3,https://www.instagram.com/p/DUfHUeGERC3/,inigresik,inigresik,netral,0.97,umum
DUfHUeGERC3,https://www.instagram.com/p/DUfHUeGERC3/,sinchan4010,sinchan4010,netral,0.92,umum
DUfHUeGERC3,https://www.instagram.com/p/DUfHUeGERC3/,nug_goahead,nug_goahead,netral,0.952,umum
DUfHUeGERC3,https://www.instagram.com/p/DUfHUeGERC3/,akhmad_syihabuddin_riza,akhmad_syihabuddin_riza,netral,0.993,umum
DUfHUeGERC3,https://www.instagram.com/p/DUfHUeGERC3/,lucky.hidayatulloh,luckyhidayatulloh,netral,0.534,umum
DUfHUeGERC3,https://www.instagram.com/p/DUfHUeGERC3/,nuvrizzal,nuvrizzal,positif,0.839,umum
DUfHUeGERC3,https://www.instagram.com/p/DUfHUeGERC3/,chomsinachoirun,chomsinachoirun,netral,0.684,umum
DUfHUeGERC3,https://www.instagram.com/p/DUfHUeGERC3/,tvsgresik_official,tvsgresik_official,netral,0.985,umum
DUfHUeGERC3,https://www.instagram.com/p/DUfHUeGERC3/,huruf.timbul.gresik,huruftimbulgresik,netral,0.957,umum
DUfHUeGERC3,https://www.instagram.com/p/DUfHUeGERC3/,keep_stronger_,keep_stronger_,positif,0.91,umum
DUfHUeGERC3,https://www.instagram.com/p/DUfHUeGERC3/,rizky.smaulana,rizkysmaulana,positif,0.685,umum
DUfHUeGERC3,https://www.instagram.com/p/DUfHUeGERC3/,herr_rizalumami,herr_rizalumami,netral,0.992,umum
DUfHUeGERC3,https://www.instagram.com/p/DUfHUeGERC3/,meeiilindaa,meeiilindaa,positif,0.582,umum
DUfHUeGERC3,https://www.instagram.com/p/DUfHUeGERC3/,rodlyatussadiyah,rodlyatussadiyah,netral,0.89,umum
DUfHUeGERC3,https://www.instagram.com/p/DUfHUeGERC3/,septiandm93,septiandm93,netral,0.898,umum
DUfHUeGERC3,https://www.instagram.com/p/DUfHUeGERC3/,dessyakholifah,dessyakholifah,positif,0.619,umum
DU-0VVFEqam,https://www.instagram.com/p/DU-0VVFEqam/,like_project97,like_project97,netral,0.975,umum
DNf8njKpBk-,https://www.instagram.com/p/DNf8njKpBk-/,sorot.gresik,sorotgresik,netral,0.967,umum
DNf8njKpBk-,https://www.instagram.com/p/DNf8njKpBk-/,ryo.1389,ryo1389,netral,0.868,umum
DNf8njKpBk-,https://www.instagram.com/p/DNf8njKpBk-/,han.utah,hanutah,positif,0.865,umum
DNf8njKpBk-,https://www.instagram.com/p/DNf8njKpBk-/,kripikusus_gresik,kripikusus_gresik,netral,0.983,umum
DNf8njKpBk-,https://www.instagram.com/p/DNf8njKpBk-/,t39uh_54putr4,t39uh_54putr4,netral,0.987,umum
DNf8njKpBk-,https://www.instagram.com/p/DNf8njKpBk-/,muhamad_taufiq_zein,muhamad_taufiq_zein,netral,0.991,umum
DNf8njKpBk-,https://www.instagram.com/p/DNf8njKpBk-/,niiand_,niiand_,positif,0.7,umum
DNf8njKpBk-,https://www.instagram.com/p/DNf8njKpBk-/,diray_dipantara,diray_dipantara,netral,0.987,umum
DNf8njKpBk-,https://www.instagram.com/p/DNf8njKpBk-/,moi_moi909,moi_moi909,netral,0.988,umum
DYf3_OezRPF,https://www.instagram.com/p/DYf3_OezRPF/,nana.berceritaa,nanaberceritaa,positif,0.715,umum
DYf3_OezRPF,https://www.instagram.com/p/DYf3_OezRPF/,indariyati2408,indariyati2408,netral,0.991,umum
DYf3_OezRPF,https://www.instagram.com/p/DYf3_OezRPF/,mash_fardan,mash_fardan,positif,0.514,umum
DYf3_OezRPF,https://www.instagram.com/p/DYf3_OezRPF/,indahqa,indahqa,positif,0.995,umum
DYf3_OezRPF,https://www.instagram.com/p/DYf3_OezRPF/,momohazard13,momohazard13,netral,0.873,umum
DYf3_OezRPF,https://www.instagram.com/p/DYf3_OezRPF/,rahyasenda,rahyasenda,netral,0.496,umum
DYf3_OezRPF,https://www.instagram.com/p/DYf3_OezRPF/,riris_mimi,riris_mimi,netral,0.989,umum
DYf3_OezRPF,https://www.instagram.com/p/DYf3_OezRPF/,copler_bixmo_t.a.r,copler_bixmo_tar,netral,0.993,umum
DYf3_OezRPF,https://www.instagram.com/p/DYf3_OezRPF/,syyiiiif4,syyiiiif4,positif,0.509,umum
DYf3_OezRPF,https://www.instagram.com/p/DYf3_OezRPF/,dapur_imaimey,dapur_imaimey,netral,0.957,umum
DYf3_OezRPF,https://www.instagram.com/p/DYf3_OezRPF/,azzahrania7,azzahrania7,netral,0.774,umum
DYf3_OezRPF,https://www.instagram.com/p/DYf3_OezRPF/,ugowahyu,ugowahyu,negatif,0.498,umum
DYf3_OezRPF,https://www.instagram.com/p/DYf3_OezRPF/,stmarhoem,stmarhoem,positif,0.529,umum
DYf3_OezRPF,https://www.instagram.com/p/DYf3_OezRPF/,cak.haliem,cakhaliem,positif,0.541,umum
DYf3_OezRPF,https://www.instagram.com/p/DYf3_OezRPF/,masdddal,masdddal,positif,0.919,umum
DYf3_OezRPF,https://www.instagram.com/p/DYf3_OezRPF/,temulawakgiriofficial,temulawakgiriofficial,netral,0.96,umum
DYf3_OezRPF,https://www.instagram.com/p/DYf3_OezRPF/,evie_jjv,evie_jjv,netral,0.982,umum
DYf3_OezRPF,https://www.instagram.com/p/DYf3_OezRPF/,ariez_jabrix,ariez_jabrix,netral,0.992,umum
DZ_qdOCmJSh,https://www.instagram.com/p/DZ_qdOCmJSh/,maswignyo_paktani_n90,maswignyo_paktani_n90,netral,0.991,umum
DY5PrBkTMi4,https://www.instagram.com/p/DY5PrBkTMi4/,bugurusayanggggg,bugurusayanggggg,positif,0.679,umum
DY5PrBkTMi4,https://www.instagram.com/p/DY5PrBkTMi4/,ghofursetiakes,ghofursetiakes,netral,0.685,umum
DY5PrBkTMi4,https://www.instagram.com/p/DY5PrBkTMi4/,masojol_holic46,masojol_holic46,netral,0.989,umum
DY5PrBkTMi4,https://www.instagram.com/p/DY5PrBkTMi4/,alirosidi15,alirosidi15,netral,0.802,umum
DY5PrBkTMi4,https://www.instagram.com/p/DY5PrBkTMi4/,hady_suprianto,hady_suprianto,netral,0.982,umum
DY5PrBkTMi4,https://www.instagram.com/p/DY5PrBkTMi4/,hafidalvino6,hafidalvino6,netral,0.761,umum
DY5PrBkTMi4,https://www.instagram.com/p/DY5PrBkTMi4/,abang.golan,abanggolan,negatif,0.969,umum
DY5PrBkTMi4,https://www.instagram.com/p/DY5PrBkTMi4/,nofiyanto92,nofiyanto92,netral,0.855,umum
DY5PrBkTMi4,https://www.instagram.com/p/DY5PrBkTMi4/,mardaniamelia,mardaniamelia,positif,0.51,umum
DY5PrBkTMi4,https://www.instagram.com/p/DY5PrBkTMi4/,depoacm1,depoacm1,netral,0.872,umum
DY5PrBkTMi4,https://www.instagram.com/p/DY5PrBkTMi4/,arjhon_aron,arjhon_aron,netral,0.992,umum
DY5PrBkTMi4,https://www.instagram.com/p/DY5PrBkTMi4/,suhardi_____,suhardi_____,netral,0.983,umum
DY5PrBkTMi4,https://www.instagram.com/p/DY5PrBkTMi4/,syafrilariantonoo,syafrilariantonoo,netral,0.91,umum
DY5PrBkTMi4,https://www.instagram.com/p/DY5PrBkTMi4/,prasetyo_katalog,prasetyo_katalog,netral,0.988,umum
DY5PrBkTMi4,https://www.instagram.com/p/DY5PrBkTMi4/,akbrprmbd_,akbrprmbd_,netral,0.957,umum
DY5PrBkTMi4,https://www.instagram.com/p/DY5PrBkTMi4/,kuli.lokal,kulilokal,negatif,0.985,umum
DY5PrBkTMi4,https://www.instagram.com/p/DY5PrBkTMi4/,rachmaddwii,rachmaddwii,netral,0.887,umum
DY5PrBkTMi4,https://www.instagram.com/p/DY5PrBkTMi4/,rosi__.__,rosi____,netral,0.822,umum
DY5PrBkTMi4,https://www.instagram.com/p/DY5PrBkTMi4/,enryco17,enryco17,netral,0.543,umum
DY5PrBkTMi4,https://www.instagram.com/p/DY5PrBkTMi4/,wildans016,wildans016,netral,0.743,umum
DY5PrBkTMi4,https://www.instagram.com/p/DY5PrBkTMi4/,_fjrasshidiq_,_fjrasshidiq_,netral,0.769,umum
DY5PrBkTMi4,https://www.instagram.com/p/DY5PrBkTMi4/,upok26,upok26,positif,0.639,umum
DY5PrBkTMi4,https://www.instagram.com/p/DY5PrBkTMi4/,sultan_sultanan_,sultan_sultanan_,netral,0.474,umum
DY5PrBkTMi4,https://www.instagram.com/p/DY5PrBkTMi4/,mas.lum,maslum,positif,0.863,umum
DY5PrBkTMi4,https://www.instagram.com/p/DY5PrBkTMi4/,arjunagustino,arjunagustino,netral,0.694,umum
DY5PrBkTMi4,https://www.instagram.com/p/DY5PrBkTMi4/,rzlfrdsh,rzlfrdsh,netral,0.73,umum
DTxMJaPEZ7q,https://www.instagram.com/p/DTxMJaPEZ7q/,maureenanggraeni,maureenanggraeni,netral,0.921,umum
DTxMJaPEZ7q,https://www.instagram.com/p/DTxMJaPEZ7q/,deenacamalea,deenacamalea,positif,0.692,umum
DTxMJaPEZ7q,https://www.instagram.com/p/DTxMJaPEZ7q/,ellawinet,ellawinet,netral,0.662,umum
DTxMJaPEZ7q,https://www.instagram.com/p/DTxMJaPEZ7q/,devy_ummahisyam_kahfi,devy_ummahisyam_kahfi,netral,0.986,umum
DTxMJaPEZ7q,https://www.instagram.com/p/DTxMJaPEZ7q/,isvy_roni,isvy_roni,netral,0.978,umum
DTxMJaPEZ7q,https://www.instagram.com/p/DTxMJaPEZ7q/,khay_yaroh,khay_yaroh,netral,0.735,umum
DTxMJaPEZ7q,https://www.instagram.com/p/DTxMJaPEZ7q/,dioyuans,dioyuans,positif,0.507,umum
DTxMJaPEZ7q,https://www.instagram.com/p/DTxMJaPEZ7q/,alice.henim,alicehenim,netral,0.692,umum
DTxMJaPEZ7q,https://www.instagram.com/p/DTxMJaPEZ7q/,syel_shelxx,syel_shelxx,netral,0.929,umum
DTxMJaPEZ7q,https://www.instagram.com/p/DTxMJaPEZ7q/,taurus_2403,taurus_2403,netral,0.989,umum
DTxMJaPEZ7q,https://www.instagram.com/p/DTxMJaPEZ7q/,ibunya_annaskhalid,ibunya_annaskhalid,netral,0.991,umum
DTxMJaPEZ7q,https://www.instagram.com/p/DTxMJaPEZ7q/,asha.at.the.cinema,ashaatthecinema,netral,0.928,umum
DTxMJaPEZ7q,https://www.instagram.com/p/DTxMJaPEZ7q/,titiksetyawati54,titiksetyawati54,netral,0.942,umum
DTxMJaPEZ7q,https://www.instagram.com/p/DTxMJaPEZ7q/,nell_faqiih15,nell_faqiih15,netral,0.943,umum
DTxMJaPEZ7q,https://www.instagram.com/p/DTxMJaPEZ7q/,ria_mayalestari,ria_mayalestari,netral,0.99,umum
DVN0ulUErXv,https://www.instagram.com/p/DVN0ulUErXv/,clay.ducation,clayducation,positif,0.878,umum
DVN0ulUErXv,https://www.instagram.com/p/DVN0ulUErXv/,wonggresik,wonggresik,netral,0.848,umum
DVN0ulUErXv,https://www.instagram.com/p/DVN0ulUErXv/,llistyaa.mustofa,llistyaamustofa,netral,0.851,umum
DVN0ulUErXv,https://www.instagram.com/p/DVN0ulUErXv/,cak.haliem,cakhaliem,positif,0.541,umum
DVN0ulUErXv,https://www.instagram.com/p/DVN0ulUErXv/,haqisilva16,haqisilva16,netral,0.752,umum
DVN0ulUErXv,https://www.instagram.com/p/DVN0ulUErXv/,r.ianto,rianto,netral,0.66,umum
DVN0ulUErXv,https://www.instagram.com/p/DVN0ulUErXv/,lokergresikinfo,lokergresikinfo,netral,0.978,umum
DVN0ulUErXv,https://www.instagram.com/p/DVN0ulUErXv/,masfufahanggraini,masfufahanggraini,netral,0.84,umum
DVN0ulUErXv,https://www.instagram.com/p/DVN0ulUErXv/,eloks_homemade,eloks_homemade,positif,0.588,umum
DVN0ulUErXv,https://www.instagram.com/p/DVN0ulUErXv/,rifqieihsan,rifqieihsan,positif,0.886,umum
DVN0ulUErXv,https://www.instagram.com/p/DVN0ulUErXv/,rizkiendahsusilaputri,rizkiendahsusilaputri,netral,0.918,umum
DVN0ulUErXv,https://www.instagram.com/p/DVN0ulUErXv/,ggeefre4k,ggeefre4k,negatif,0.892,umum
DVN0ulUErXv,https://www.instagram.com/p/DVN0ulUErXv/,maratul_22,maratul_22,netral,0.953,umum
DVN0ulUErXv,https://www.instagram.com/p/DVN0ulUErXv/,liyaainurrusyda,liyaainurrusyda,positif,0.73,umum
DVN0ulUErXv,https://www.instagram.com/p/DVN0ulUErXv/,lulukalkhair,lulukalkhair,positif,0.954,umum
DVN0ulUErXv,https://www.instagram.com/p/DVN0ulUErXv/,tirtogunawan,tirtogunawan,netral,0.658,umum
DVN0ulUErXv,https://www.instagram.com/p/DVN0ulUErXv/,nuruloctaviianii,nuruloctaviianii,netral,0.89,umum
DVN0ulUErXv,https://www.instagram.com/p/DVN0ulUErXv/,labib.jalal,labibjalal,positif,0.899,umum
DVN0ulUErXv,https://www.instagram.com/p/DVN0ulUErXv/,rizqaisha,rizqaisha,positif,0.725,umum
DVN0ulUErXv,https://www.instagram.com/p/DVN0ulUErXv/,susilo_3103,susilo_3103,netral,0.982,umum
DT49pmCAfHq,https://www.instagram.com/p/DT49pmCAfHq/,masmas_gabut,masmas_gabut,negatif,0.994,umum
DT49pmCAfHq,https://www.instagram.com/p/DT49pmCAfHq/,alfin_nur_hudha,alfin_nur_hudha,netral,0.992,umum
DT49pmCAfHq,https://www.instagram.com/p/DT49pmCAfHq/,liam4ismail,liam4ismail,netral,0.505,umum
DT49pmCAfHq,https://www.instagram.com/p/DT49pmCAfHq/,ess_wawan,ess_wawan,netral,0.947,umum
DT49pmCAfHq,https://www.instagram.com/p/DT49pmCAfHq/,cakiruull,cakiruull,positif,0.799,umum
DT49pmCAfHq,https://www.instagram.com/p/DT49pmCAfHq/,misbachdrajat,misbachdrajat,netral,0.612,umum
DT49pmCAfHq,https://www.instagram.com/p/DT49pmCAfHq/,sandyroid,sandyroid,netral,0.797,umum
DT49pmCAfHq,https://www.instagram.com/p/DT49pmCAfHq/,febri.wijayanta,febriwijayanta,netral,0.92,umum
DT49pmCAfHq,https://www.instagram.com/p/DT49pmCAfHq/,cempling,cempling,positif,0.974,umum
DT49pmCAfHq,https://www.instagram.com/p/DT49pmCAfHq/,mai_bundanianada,mai_bundanianada,netral,0.987,umum
DT49pmCAfHq,https://www.instagram.com/p/DT49pmCAfHq/,aviq_viz99,aviq_viz99,netral,0.985,umum
DT49pmCAfHq,https://www.instagram.com/p/DT49pmCAfHq/,faj4rzzz_,faj4rzzz_,positif,0.9,umum
DT49pmCAfHq,https://www.instagram.com/p/DT49pmCAfHq/,ah.zer_,ahzer_,positif,0.656,umum
DT49pmCAfHq,https://www.instagram.com/p/DT49pmCAfHq/,faik_rck,faik_rck,netral,0.976,umum
DT49pmCAfHq,https://www.instagram.com/p/DT49pmCAfHq/,bagussusanto68,bagussusanto68,netral,0.579,umum
DT49pmCAfHq,https://www.instagram.com/p/DT49pmCAfHq/,ilhamdrajat74,ilhamdrajat74,netral,0.752,umum
DT49pmCAfHq,https://www.instagram.com/p/DT49pmCAfHq/,alfin_anggoro,alfin_anggoro,netral,0.991,umum
DWxJSNmE_b-,https://www.instagram.com/p/DWxJSNmE_b-/,infoduduksampeyan,infoduduksampeyan,netral,0.975,umum
DWxJSNmE_b-,https://www.instagram.com/p/DWxJSNmE_b-/,fridaayuhapsari,fridaayuhapsari,netral,0.919,umum
DWxJSNmE_b-,https://www.instagram.com/p/DWxJSNmE_b-/,vhirman16,vhirman16,netral,0.763,umum
DWxJSNmE_b-,https://www.instagram.com/p/DWxJSNmE_b-/,ilhamags26,ilhamags26,netral,0.865,umum
DWxJSNmE_b-,https://www.instagram.com/p/DWxJSNmE_b-/,yngtrhrmtbejo,yngtrhrmtbejo,netral,0.918,umum
DWxJSNmE_b-,https://www.instagram.com/p/DWxJSNmE_b-/,taapattaa,taapattaa,positif,0.914,umum
DWxJSNmE_b-,https://www.instagram.com/p/DWxJSNmE_b-/,dimas__1966,dimas__1966,netral,0.919,umum
DWxJSNmE_b-,https://www.instagram.com/p/DWxJSNmE_b-/,angkasa_ahmd,angkasa_ahmd,netral,0.984,umum
DWxJSNmE_b-,https://www.instagram.com/p/DWxJSNmE_b-/,mamaibrahim_musyaffa,mamaibrahim_musyaffa,netral,0.98,umum
DWxJSNmE_b-,https://www.instagram.com/p/DWxJSNmE_b-/,bakulmanuk2020,bakulmanuk2020,netral,0.99,umum
DWxJSNmE_b-,https://www.instagram.com/p/DWxJSNmE_b-/,cayyow,cayyow,positif,0.975,umum
DWxJSNmE_b-,https://www.instagram.com/p/DWxJSNmE_b-/,izzydiyant0412,izzydiyant0412,netral,0.981,umum
DWxJSNmE_b-,https://www.instagram.com/p/DWxJSNmE_b-/,puput_wulandari1409,puput_wulandari1409,netral,0.993,umum
DWxJSNmE_b-,https://www.instagram.com/p/DWxJSNmE_b-/,hilalfahmi24,hilalfahmi24,netral,0.883,umum
DWxJSNmE_b-,https://www.instagram.com/p/DWxJSNmE_b-/,reyhanzzz_07,reyhanzzz_07,netral,0.861,umum
DWxJSNmE_b-,https://www.instagram.com/p/DWxJSNmE_b-/,erikwp_,erikwp_,netral,0.582,umum
DWxJSNmE_b-,https://www.instagram.com/p/DWxJSNmE_b-/,cakyoo.ae.73,cakyooae73,netral,0.884,umum
Dam88SSP6c_,https://www.instagram.com/p/Dam88SSP6c_/,cettanath.zz,cettanathzz,positif,0.981,umum
Dam88SSP6c_,https://www.instagram.com/p/Dam88SSP6c_/,nnd4_blyan,nnd4_blyan,netral,0.969,umum
Dam88SSP6c_,https://www.instagram.com/p/Dam88SSP6c_/,a.abeyy__,aabeyy__,positif,0.981,umum
Dam88SSP6c_,https://www.instagram.com/p/Dam88SSP6c_/,ddindaani_,ddindaani_,netral,0.639,umum
Dam88SSP6c_,https://www.instagram.com/p/Dam88SSP6c_/,favianinnddra,favianinnddra,positif,0.585,umum
Dam88SSP6c_,https://www.instagram.com/p/Dam88SSP6c_/,alifyazazaa,alifyazazaa,positif,0.621,umum
DNdEV4NJiC8,https://www.instagram.com/p/DNdEV4NJiC8/,yuristififi,yuristififi,positif,0.679,umum
DNdEV4NJiC8,https://www.instagram.com/p/DNdEV4NJiC8/,masterchymaster,masterchymaster,positif,0.665,umum
DXgf8N_AXCU,https://www.instagram.com/p/DXgf8N_AXCU/,cendhol24,cendhol24,netral,0.731,umum
DXgf8N_AXCU,https://www.instagram.com/p/DXgf8N_AXCU/,n0bn0b2,n0bn0b2,positif,0.795,umum
DXgf8N_AXCU,https://www.instagram.com/p/DXgf8N_AXCU/,nala____7,nala____7,netral,0.982,umum
DXgf8N_AXCU,https://www.instagram.com/p/DXgf8N_AXCU/,adinda_pinky,adinda_pinky,netral,0.981,umum
DXgf8N_AXCU,https://www.instagram.com/p/DXgf8N_AXCU/,dekdar_v1,dekdar_v1,netral,0.983,umum
DXgf8N_AXCU,https://www.instagram.com/p/DXgf8N_AXCU/,c4ncerrorr,c4ncerrorr,netral,0.638,umum
DXgf8N_AXCU,https://www.instagram.com/p/DXgf8N_AXCU/,drgbyu.17,drgbyu17,positif,0.808,umum
DWsw74PgDB8,https://www.instagram.com/p/DWsw74PgDB8/,polresgresik_official,polresgresik_official,netral,0.996,umum
DWsw74PgDB8,https://www.instagram.com/p/DWsw74PgDB8/,henikargianti.dns,henikargiantidns,netral,0.761,umum
DWsw74PgDB8,https://www.instagram.com/p/DWsw74PgDB8/,budionosiswati,budionosiswati,netral,0.888,umum
DWsw74PgDB8,https://www.instagram.com/p/DWsw74PgDB8/,mozura99,mozura99,positif,0.51,umum
DWsw74PgDB8,https://www.instagram.com/p/DWsw74PgDB8/,whdhatika,whdhatika,positif,0.975,umum
DWsw74PgDB8,https://www.instagram.com/p/DWsw74PgDB8/,st4rr.fru1tt,st4rrfru1tt,positif,0.831,umum
DWsw74PgDB8,https://www.instagram.com/p/DWsw74PgDB8/,iyungrda,iyungrda,positif,0.683,umum
DWsw74PgDB8,https://www.instagram.com/p/DWsw74PgDB8/,ygapratam_,ygapratam_,positif,0.564,umum
DWsw74PgDB8,https://www.instagram.com/p/DWsw74PgDB8/,renno8891,renno8891,netral,0.901,umum
DWsw74PgDB8,https://www.instagram.com/p/DWsw74PgDB8/,risdahlza,risdahlza,netral,0.657,umum
DWsw74PgDB8,https://www.instagram.com/p/DWsw74PgDB8/,michi_michielacyla,michi_michielacyla,netral,0.991,umum
DWsw74PgDB8,https://www.instagram.com/p/DWsw74PgDB8/,thbullss,thbullss,positif,0.554,umum
DWsw74PgDB8,https://www.instagram.com/p/DWsw74PgDB8/,chiciacuaa,chiciacuaa,positif,0.877,umum
DWsw74PgDB8,https://www.instagram.com/p/DWsw74PgDB8/,aina.mdh,ainamdh,positif,0.961,umum
DWsw74PgDB8,https://www.instagram.com/p/DWsw74PgDB8/,diazisco.kt,diaziscokt,netral,0.609,umum
DWsw74PgDB8,https://www.instagram.com/p/DWsw74PgDB8/,bakhrudeon_bndl,bakhrudeon_bndl,netral,0.957,umum
DWsw74PgDB8,https://www.instagram.com/p/DWsw74PgDB8/,ucyboyy.nt,ucyboyynt,netral,0.698,umum
DZ18Ydrjzhd,https://www.instagram.com/p/DZ18Ydrjzhd/,alana_achmad.m,alana_achmadm,netral,0.988,umum
DZ18Ydrjzhd,https://www.instagram.com/p/DZ18Ydrjzhd/,naiyylh,naiyylh,negatif,0.923,umum
CGjNby3At3e,https://www.instagram.com/p/CGjNby3At3e/,infogresik,infogresik,netral,0.981,umum
CGjNby3At3e,https://www.instagram.com/p/CGjNby3At3e/,bukhosia,bukhosia,positif,0.839,umum
CGjNby3At3e,https://www.instagram.com/p/CGjNby3At3e/,vellarahman_,vellarahman_,netral,0.848,umum
CGjNby3At3e,https://www.instagram.com/p/CGjNby3At3e/,fabillaalf,fabillaalf,positif,0.803,umum
CGjNby3At3e,https://www.instagram.com/p/CGjNby3At3e/,sultanzico5,sultanzico5,positif,0.539,umum
CGjNby3At3e,https://www.instagram.com/p/CGjNby3At3e/,andxxhrnds_,andxxhrnds_,netral,0.885,umum
CGjNby3At3e,https://www.instagram.com/p/CGjNby3At3e/,aldianpalekaa_,aldianpalekaa_,netral,0.905,umum
CGjNby3At3e,https://www.instagram.com/p/CGjNby3At3e/,hamizan.alfarezel,hamizanalfarezel,netral,0.917,umum
CGjNby3At3e,https://www.instagram.com/p/CGjNby3At3e/,alannduk,alannduk,netral,0.81,umum
CGjNby3At3e,https://www.instagram.com/p/CGjNby3At3e/,vivindwi_oktav,vivindwi_oktav,netral,0.985,umum
CGjNby3At3e,https://www.instagram.com/p/CGjNby3At3e/,farel_adho,farel_adho,netral,0.989,umum
CGjNby3At3e,https://www.instagram.com/p/CGjNby3At3e/,p_anshorii,p_anshorii,netral,0.988,umum
CGjNby3At3e,https://www.instagram.com/p/CGjNby3At3e/,lewatkandangan,lewatkandangan,positif,0.86,umum
CGjNby3At3e,https://www.instagram.com/p/CGjNby3At3e/,rryaaannnx,rryaaannnx,positif,0.759,umum
CGjNby3At3e,https://www.instagram.com/p/CGjNby3At3e/,ibook.dyro,ibookdyro,positif,0.766,umum
CGjNby3At3e,https://www.instagram.com/p/CGjNby3At3e/,imanurlm,imanurlm,positif,0.655,umum
CGjNby3At3e,https://www.instagram.com/p/CGjNby3At3e/,harrik_08,harrik_08,netral,0.981,umum
DaCBvQHy0jI,https://www.instagram.com/p/DaCBvQHy0jI/,polsek_gresik_kota,polsek_gresik_kota,netral,0.997,umum
DaCBvQHy0jI,https://www.instagram.com/p/DaCBvQHy0jI/,ridwan_ntd_35,ridwan_ntd_35,netral,0.995,umum
DaCBvQHy0jI,https://www.instagram.com/p/DaCBvQHy0jI/,hepi_riza,hepi_riza,positif,0.94,umum
DaCBvQHy0jI,https://www.instagram.com/p/DaCBvQHy0jI/,koko937496,koko937496,netral,0.925,umum
DY4RdCuvDoa,https://www.instagram.com/p/DY4RdCuvDoa/,gresik_info_loker,gresik_info_loker,netral,0.997,umum
DY4RdCuvDoa,https://www.instagram.com/p/DY4RdCuvDoa/,budiningtias,budiningtias,netral,0.786,umum
DY4RdCuvDoa,https://www.instagram.com/p/DY4RdCuvDoa/,cv.suksesku,cvsuksesku,positif,0.915,umum
DZYtiy4yrsO,https://www.instagram.com/p/DZYtiy4yrsO/,apotekhidayah.suci,apotekhidayahsuci,netral,0.7,umum
DacKxgBjxXK,https://www.instagram.com/p/DacKxgBjxXK/,sintyamakeupartist,sintyamakeupartist,netral,0.77,umum
DOhVWIfE1qf,https://www.instagram.com/p/DOhVWIfE1qf/,inigresik,inigresik,netral,0.97,umum
DOhVWIfE1qf,https://www.instagram.com/p/DOhVWIfE1qf/,marsuo.mlvt,marsuomlvt,netral,0.488,umum
DOhVWIfE1qf,https://www.instagram.com/p/DOhVWIfE1qf/,amxccpp,amxccpp,positif,0.988,umum
DOhVWIfE1qf,https://www.instagram.com/p/DOhVWIfE1qf/,_4kmal.haq,_4kmalhaq,netral,0.901,umum
DOhVWIfE1qf,https://www.instagram.com/p/DOhVWIfE1qf/,sulton_firdaus,sulton_firdaus,netral,0.962,umum
DOhVWIfE1qf,https://www.instagram.com/p/DOhVWIfE1qf/,nonanontihanan,nonanontihanan,positif,0.551,umum
DOhVWIfE1qf,https://www.instagram.com/p/DOhVWIfE1qf/,sirtuz,sirtuz,positif,0.865,umum
DOhVWIfE1qf,https://www.instagram.com/p/DOhVWIfE1qf/,beenue07,beenue07,netral,0.504,umum
DOhVWIfE1qf,https://www.instagram.com/p/DOhVWIfE1qf/,jinceret,jinceret,negatif,0.948,umum
DOhVWIfE1qf,https://www.instagram.com/p/DOhVWIfE1qf/,uppyk_bening,uppyk_bening,positif,0.93,umum
DOhVWIfE1qf,https://www.instagram.com/p/DOhVWIfE1qf/,hafidalvino6,hafidalvino6,netral,0.761,umum
DaaTj0cvb5N,https://www.instagram.com/p/DaaTj0cvb5N/,satlantasresgresik,satlantasresgresik,netral,0.997,umum
DaaTj0cvb5N,https://www.instagram.com/p/DaaTj0cvb5N/,polresgresik_official,polresgresik_official,netral,0.996,umum
DaaTj0cvb5N,https://www.instagram.com/p/DaaTj0cvb5N/,prastio385,prastio385,netral,0.892,umum
DaaTj0cvb5N,https://www.instagram.com/p/DaaTj0cvb5N/,imam_alel1112,imam_alel1112,netral,0.995,umum
DaaTj0cvb5N,https://www.instagram.com/p/DaaTj0cvb5N/,herusumarsono3,herusumarsono3,netral,0.951,umum
DaaTj0cvb5N,https://www.instagram.com/p/DaaTj0cvb5N/,ningsih220887,ningsih220887,netral,0.982,umum
DaaTj0cvb5N,https://www.instagram.com/p/DaaTj0cvb5N/,nusantaraexpress.id,nusantaraexpressid,netral,0.888,umum
DaaTj0cvb5N,https://www.instagram.com/p/DaaTj0cvb5N/,eko.wulandari.33,ekowulandari33,netral,0.784,umum
DZwEVWLTwy7,https://www.instagram.com/p/DZwEVWLTwy7/,bugurusayanggggg,bugurusayanggggg,positif,0.679,umum
DZwEVWLTwy7,https://www.instagram.com/p/DZwEVWLTwy7/,syaifulromadlon29,syaifulromadlon29,netral,0.984,umum
DZwEVWLTwy7,https://www.instagram.com/p/DZwEVWLTwy7/,mahaputra944,mahaputra944,netral,0.848,umum
DZwEVWLTwy7,https://www.instagram.com/p/DZwEVWLTwy7/,kajirifki_,kajirifki_,netral,0.818,umum
DZwEVWLTwy7,https://www.instagram.com/p/DZwEVWLTwy7/,w_bajol,w_bajol,netral,0.951,umum
DZwEVWLTwy7,https://www.instagram.com/p/DZwEVWLTwy7/,ilmawan_firdausi,ilmawan_firdausi,netral,0.977,umum
DZwEVWLTwy7,https://www.instagram.com/p/DZwEVWLTwy7/,muyatno.m,muyatnom,positif,0.432,umum
DZwEVWLTwy7,https://www.instagram.com/p/DZwEVWLTwy7/,wisnuzibanie,wisnuzibanie,netral,0.773,umum
DZwEVWLTwy7,https://www.instagram.com/p/DZwEVWLTwy7/,antokwijaya54,antokwijaya54,netral,0.853,umum
DZwEVWLTwy7,https://www.instagram.com/p/DZwEVWLTwy7/,ikanbuntal_37,ikanbuntal_37,netral,0.971,umum
DZwEVWLTwy7,https://www.instagram.com/p/DZwEVWLTwy7/,alimfauzi_97,alimfauzi_97,netral,0.894,umum
DZwEVWLTwy7,https://www.instagram.com/p/DZwEVWLTwy7/,nah.gtu,nahgtu,negatif,0.858,umum
DZwEVWLTwy7,https://www.instagram.com/p/DZwEVWLTwy7/,yunusafandi39,yunusafandi39,netral,0.668,umum
DZwEVWLTwy7,https://www.instagram.com/p/DZwEVWLTwy7/,ardjunalanangingjagad,ardjunalanangingjagad,positif,0.627,umum
DZwEVWLTwy7,https://www.instagram.com/p/DZwEVWLTwy7/,ahmszi,ahmszi,positif,0.515,umum
DZwEVWLTwy7,https://www.instagram.com/p/DZwEVWLTwy7/,khoir_rafif,khoir_rafif,netral,0.971,umum
DaIfEf8FHkx,https://www.instagram.com/p/DaIfEf8FHkx/,taaruf.uk,taarufuk,positif,0.891,umum
DaIfEf8FHkx,https://www.instagram.com/p/DaIfEf8FHkx/,taaruf.iin,taarufiin,positif,0.847,umum
DaIfEf8FHkx,https://www.instagram.com/p/DaIfEf8FHkx/,syauqi_ilm,syauqi_ilm,netral,0.905,umum
DaIfEf8FHkx,https://www.instagram.com/p/DaIfEf8FHkx/,dedypengenbaik,dedypengenbaik,netral,0.591,umum
DaIfEf8FHkx,https://www.instagram.com/p/DaIfEf8FHkx/,jefry_nyell06,jefry_nyell06,netral,0.992,umum
DaIfEf8FHkx,https://www.instagram.com/p/DaIfEf8FHkx/,edygaktuh,edygaktuh,positif,0.872,umum
DaIfEf8FHkx,https://www.instagram.com/p/DaIfEf8FHkx/,kokoyudha,kokoyudha,positif,0.965,umum
DaIfEf8FHkx,https://www.instagram.com/p/DaIfEf8FHkx/,asrori_kp,asrori_kp,netral,0.952,umum
DaIfEf8FHkx,https://www.instagram.com/p/DaIfEf8FHkx/,aldnsyhp,aldnsyhp,positif,0.597,umum
DaIfEf8FHkx,https://www.instagram.com/p/DaIfEf8FHkx/,eson.el,esonel,positif,0.564,umum
DaIfEf8FHkx,https://www.instagram.com/p/DaIfEf8FHkx/,kng.sc,kngsc,positif,0.496,umum
DaIfEf8FHkx,https://www.instagram.com/p/DaIfEf8FHkx/,andrianiccl,andrianiccl,positif,0.662,umum
DaIfEf8FHkx,https://www.instagram.com/p/DaIfEf8FHkx/,shofi_taqiyyuddin,shofi_taqiyyuddin,netral,0.975,umum
DaIfEf8FHkx,https://www.instagram.com/p/DaIfEf8FHkx/,hmxcrtyze,hmxcrtyze,netral,0.701,umum
DaIfEf8FHkx,https://www.instagram.com/p/DaIfEf8FHkx/,ddewiisekarr_,ddewiisekarr_,netral,0.868,umum
DaIfEf8FHkx,https://www.instagram.com/p/DaIfEf8FHkx/,muhammad1437459,muhammad1437459,netral,0.922,umum
DaIfEf8FHkx,https://www.instagram.com/p/DaIfEf8FHkx/,hilmanfakhru21,hilmanfakhru21,netral,0.945,umum
DaIfEf8FHkx,https://www.instagram.com/p/DaIfEf8FHkx/,xr.ilhams,xrilhams,positif,0.56,umum
DaIfEf8FHkx,https://www.instagram.com/p/DaIfEf8FHkx/,rkmhrdk,rkmhrdk,netral,0.511,umum
DaIfEf8FHkx,https://www.instagram.com/p/DaIfEf8FHkx/,nobinotokay,nobinotokay,positif,0.791,umum
DaIfEf8FHkx,https://www.instagram.com/p/DaIfEf8FHkx/,dimas_ocs,dimas_ocs,netral,0.989,umum
DaIfEf8FHkx,https://www.instagram.com/p/DaIfEf8FHkx/,heri_ko,heri_ko,netral,0.897,umum
DaIfEf8FHkx,https://www.instagram.com/p/DaIfEf8FHkx/,fellangiii,fellangiii,positif,0.985,umum
DaIfEf8FHkx,https://www.instagram.com/p/DaIfEf8FHkx/,mamed.s88,mameds88,netral,0.59,umum
DaIfEf8FHkx,https://www.instagram.com/p/DaIfEf8FHkx/,kvynska,kvynska,netral,0.581,umum
DaIfEf8FHkx,https://www.instagram.com/p/DaIfEf8FHkx/,dhaffamdr_,dhaffamdr_,netral,0.602,umum
DaIfEf8FHkx,https://www.instagram.com/p/DaIfEf8FHkx/,_nnasrri,_nnasrri,positif,0.573,umum
DaIfEf8FHkx,https://www.instagram.com/p/DaIfEf8FHkx/,novan.sanjaya08,novansanjaya08,netral,0.896,umum
DaIfEf8FHkx,https://www.instagram.com/p/DaIfEf8FHkx/,m.aliffiansyhn,maliffiansyhn,positif,0.633,umum
DaIfEf8FHkx,https://www.instagram.com/p/DaIfEf8FHkx/,dicslurrr___,dicslurrr___,netral,0.598,umum
DaIfEf8FHkx,https://www.instagram.com/p/DaIfEf8FHkx/,aswin.dwi2,aswindwi2,positif,0.73,umum
DZHSz_nTMhz,https://www.instagram.com/p/DZHSz_nTMhz/,pais_bedjoo,pais_bedjoo,negatif,0.559,umum
DZHSz_nTMhz,https://www.instagram.com/p/DZHSz_nTMhz/,maulana_fikrich,maulana_fikrich,netral,0.968,umum
DZHSz_nTMhz,https://www.instagram.com/p/DZHSz_nTMhz/,qaqagtg,qaqagtg,positif,0.43,umum
DZHSz_nTMhz,https://www.instagram.com/p/DZHSz_nTMhz/,pemikatkopi08,pemikatkopi08,negatif,0.346,umum
DZHSz_nTMhz,https://www.instagram.com/p/DZHSz_nTMhz/,ny_iswanto3113,ny_iswanto3113,netral,0.991,umum
DZHSz_nTMhz,https://www.instagram.com/p/DZHSz_nTMhz/,_ahmdfiikri,_ahmdfiikri,netral,0.966,umum
DZHSz_nTMhz,https://www.instagram.com/p/DZHSz_nTMhz/,alifjom,alifjom,positif,0.585,umum
DZHSz_nTMhz,https://www.instagram.com/p/DZHSz_nTMhz/,alfan_fauzi27,alfan_fauzi27,netral,0.989,umum
DZHSz_nTMhz,https://www.instagram.com/p/DZHSz_nTMhz/,niawida,niawida,netral,0.552,umum
DZHSz_nTMhz,https://www.instagram.com/p/DZHSz_nTMhz/,rahmadanugrahranggaxel,rahmadanugrahranggaxel,netral,0.925,umum
DZHSz_nTMhz,https://www.instagram.com/p/DZHSz_nTMhz/,arya_nyll,arya_nyll,netral,0.962,umum
DZHSz_nTMhz,https://www.instagram.com/p/DZHSz_nTMhz/,muhammad.el_m,muhammadel_m,netral,0.965,umum
DZHSz_nTMhz,https://www.instagram.com/p/DZHSz_nTMhz/,ms.dlbo,msdlbo,positif,0.906,umum
DZHSz_nTMhz,https://www.instagram.com/p/DZHSz_nTMhz/,its.an.nisa,itsannisa,positif,0.987,umum
DZHSz_nTMhz,https://www.instagram.com/p/DZHSz_nTMhz/,brutoke,brutoke,positif,0.951,umum
DZmovwMlId_,https://www.instagram.com/p/DZmovwMlId_/,cakpudak,cakpudak,positif,0.681,umum
DZmovwMlId_,https://www.instagram.com/p/DZmovwMlId_/,jukir.neraka,jukirneraka,positif,0.736,umum
DZmovwMlId_,https://www.instagram.com/p/DZmovwMlId_/,bayu_bogang,bayu_bogang,netral,0.982,umum
DZmovwMlId_,https://www.instagram.com/p/DZmovwMlId_/,muammar_kahfi,muammar_kahfi,netral,0.993,umum
DZmovwMlId_,https://www.instagram.com/p/DZmovwMlId_/,v3086_ig,v3086_ig,netral,0.994,umum
DZmovwMlId_,https://www.instagram.com/p/DZmovwMlId_/,lightlab_studio,lightlab_studio,netral,0.986,umum
DZmovwMlId_,https://www.instagram.com/p/DZmovwMlId_/,hasan_dmb,hasan_dmb,netral,0.96,umum
DZmovwMlId_,https://www.instagram.com/p/DZmovwMlId_/,ak416_danoe_,ak416_danoe_,netral,0.98,umum
DZmovwMlId_,https://www.instagram.com/p/DZmovwMlId_/,hanniefaa_,hanniefaa_,netral,0.786,umum
DZmovwMlId_,https://www.instagram.com/p/DZmovwMlId_/,drajatsatrio,drajatsatrio,netral,0.895,umum
DZmovwMlId_,https://www.instagram.com/p/DZmovwMlId_/,hendraismail_bjm,hendraismail_bjm,netral,0.994,umum
DZmovwMlId_,https://www.instagram.com/p/DZmovwMlId_/,evolgo_shop,evolgo_shop,netral,0.978,umum
DZmovwMlId_,https://www.instagram.com/p/DZmovwMlId_/,dario80547,dario80547,netral,0.976,umum
DZmovwMlId_,https://www.instagram.com/p/DZmovwMlId_/,pebeye_,pebeye_,positif,0.895,umum
DZmovwMlId_,https://www.instagram.com/p/DZmovwMlId_/,lembagaprivate.smart_kids,lembagaprivatesmart_kids,netral,0.992,umum
DZmovwMlId_,https://www.instagram.com/p/DZmovwMlId_/,ale.priya.ef,alepriyaef,positif,0.664,umum
DZmovwMlId_,https://www.instagram.com/p/DZmovwMlId_/,tukang_helm_mjk,tukang_helm_mjk,netral,0.95,umum
DZmovwMlId_,https://www.instagram.com/p/DZmovwMlId_/,dho_ridho69,dho_ridho69,netral,0.988,umum
DNP3VxMPYi9,https://www.instagram.com/p/DNP3VxMPYi9/,gresiksumpek.id,gresiksumpekid,netral,0.835,umum
DNP3VxMPYi9,https://www.instagram.com/p/DNP3VxMPYi9/,akas.70,akas70,netral,0.792,umum
DNP3VxMPYi9,https://www.instagram.com/p/DNP3VxMPYi9/,sridwianayanti5,sridwianayanti5,netral,0.933,umum
DNP3VxMPYi9,https://www.instagram.com/p/DNP3VxMPYi9/,budikotak2000,budikotak2000,netral,0.918,umum
DNP3VxMPYi9,https://www.instagram.com/p/DNP3VxMPYi9/,rafachaniago,rafachaniago,netral,0.525,umum
DNP3VxMPYi9,https://www.instagram.com/p/DNP3VxMPYi9/,ainime88,ainime88,netral,0.73,umum
DNP3VxMPYi9,https://www.instagram.com/p/DNP3VxMPYi9/,ivonedellen,ivonedellen,positif,0.532,umum
DNP3VxMPYi9,https://www.instagram.com/p/DNP3VxMPYi9/,leoandreas2025,leoandreas2025,netral,0.935,umum
DNP3VxMPYi9,https://www.instagram.com/p/DNP3VxMPYi9/,ala_zombie,ala_zombie,negatif,0.955,umum
DNP3VxMPYi9,https://www.instagram.com/p/DNP3VxMPYi9/,ailiannn_,ailiannn_,positif,0.797,umum
DNP3VxMPYi9,https://www.instagram.com/p/DNP3VxMPYi9/,urip_ajg,urip_ajg,netral,0.96,umum
DNP3VxMPYi9,https://www.instagram.com/p/DNP3VxMPYi9/,ferryadj,ferryadj,netral,0.823,umum
DNP3VxMPYi9,https://www.instagram.com/p/DNP3VxMPYi9/,lokergresikinfo,lokergresikinfo,netral,0.978,umum
DZ673xctIpv,https://www.instagram.com/p/DZ673xctIpv/,shellacrs_makeup,shellacrs_makeup,netral,0.978,umum
DZwEVWLTwy7,https://www.instagram.com/p/DZwEVWLTwy7/,bugurusayanggggg,bugurusayanggggg,positif,0.679,umum
DZwEVWLTwy7,https://www.instagram.com/p/DZwEVWLTwy7/,syaifulromadlon29,syaifulromadlon29,netral,0.984,umum
DZwEVWLTwy7,https://www.instagram.com/p/DZwEVWLTwy7/,mahaputra944,mahaputra944,netral,0.848,umum
DZwEVWLTwy7,https://www.instagram.com/p/DZwEVWLTwy7/,kajirifki_,kajirifki_,netral,0.818,umum
DZwEVWLTwy7,https://www.instagram.com/p/DZwEVWLTwy7/,w_bajol,w_bajol,netral,0.951,umum
DZwEVWLTwy7,https://www.instagram.com/p/DZwEVWLTwy7/,ilmawan_firdausi,ilmawan_firdausi,netral,0.977,umum
DZwEVWLTwy7,https://www.instagram.com/p/DZwEVWLTwy7/,muyatno.m,muyatnom,positif,0.432,umum
DZwEVWLTwy7,https://www.instagram.com/p/DZwEVWLTwy7/,wisnuzibanie,wisnuzibanie,netral,0.773,umum
DZwEVWLTwy7,https://www.instagram.com/p/DZwEVWLTwy7/,antokwijaya54,antokwijaya54,netral,0.853,umum
DZwEVWLTwy7,https://www.instagram.com/p/DZwEVWLTwy7/,ikanbuntal_37,ikanbuntal_37,netral,0.971,umum
DZwEVWLTwy7,https://www.instagram.com/p/DZwEVWLTwy7/,alimfauzi_97,alimfauzi_97,netral,0.894,umum
DZwEVWLTwy7,https://www.instagram.com/p/DZwEVWLTwy7/,nah.gtu,nahgtu,negatif,0.858,umum
DZwEVWLTwy7,https://www.instagram.com/p/DZwEVWLTwy7/,ardjunalanangingjagad,ardjunalanangingjagad,positif,0.627,umum
DZwEVWLTwy7,https://www.instagram.com/p/DZwEVWLTwy7/,yunusafandi39,yunusafandi39,netral,0.668,umum
DZwEVWLTwy7,https://www.instagram.com/p/DZwEVWLTwy7/,ahmszi,ahmszi,positif,0.515,umum
DZwEVWLTwy7,https://www.instagram.com/p/DZwEVWLTwy7/,khoir_rafif,khoir_rafif,netral,0.971,umum
CGjNby3At3e,https://www.instagram.com/p/CGjNby3At3e/,infogresik,infogresik,netral,0.981,umum
CGjNby3At3e,https://www.instagram.com/p/CGjNby3At3e/,bukhosia,bukhosia,positif,0.839,umum
CGjNby3At3e,https://www.instagram.com/p/CGjNby3At3e/,vellarahman_,vellarahman_,netral,0.848,umum
CGjNby3At3e,https://www.instagram.com/p/CGjNby3At3e/,fabillaalf,fabillaalf,positif,0.803,umum
CGjNby3At3e,https://www.instagram.com/p/CGjNby3At3e/,sultanzico5,sultanzico5,positif,0.539,umum
CGjNby3At3e,https://www.instagram.com/p/CGjNby3At3e/,andxxhrnds_,andxxhrnds_,netral,0.885,umum
CGjNby3At3e,https://www.instagram.com/p/CGjNby3At3e/,aldianpalekaa_,aldianpalekaa_,netral,0.905,umum
CGjNby3At3e,https://www.instagram.com/p/CGjNby3At3e/,hamizan.alfarezel,hamizanalfarezel,netral,0.917,umum
CGjNby3At3e,https://www.instagram.com/p/CGjNby3At3e/,alannduk,alannduk,netral,0.81,umum
CGjNby3At3e,https://www.instagram.com/p/CGjNby3At3e/,vivindwi_oktav,vivindwi_oktav,netral,0.985,umum
CGjNby3At3e,https://www.instagram.com/p/CGjNby3At3e/,farel_adho,farel_adho,netral,0.989,umum
CGjNby3At3e,https://www.instagram.com/p/CGjNby3At3e/,p_anshorii,p_anshorii,netral,0.988,umum
CGjNby3At3e,https://www.instagram.com/p/CGjNby3At3e/,lewatkandangan,lewatkandangan,positif,0.86,umum
CGjNby3At3e,https://www.instagram.com/p/CGjNby3At3e/,rryaaannnx,rryaaannnx,positif,0.759,umum
CGjNby3At3e,https://www.instagram.com/p/CGjNby3At3e/,ibook.dyro,ibookdyro,positif,0.766,umum
CGjNby3At3e,https://www.instagram.com/p/CGjNby3At3e/,imanurlm,imanurlm,positif,0.655,umum
CGjNby3At3e,https://www.instagram.com/p/CGjNby3At3e/,harrik_08,harrik_08,netral,0.981,umum
DR4QFA0jw2m,https://www.instagram.com/p/DR4QFA0jw2m/,ameliagitap,ameliagitap,positif,0.661,umum
DR4QFA0jw2m,https://www.instagram.com/p/DR4QFA0jw2m/,masfardian,masfardian,netral,0.648,umum
DR4QFA0jw2m,https://www.instagram.com/p/DR4QFA0jw2m/,wartayimi,wartayimi,netral,0.799,umum
DR4QFA0jw2m,https://www.instagram.com/p/DR4QFA0jw2m/,fendilaros7,fendilaros7,netral,0.866,umum
DR4QFA0jw2m,https://www.instagram.com/p/DR4QFA0jw2m/,titikmasruroh73,titikmasruroh73,netral,0.643,umum
DR4QFA0jw2m,https://www.instagram.com/p/DR4QFA0jw2m/,noviaviy,noviaviy,positif,0.576,umum
DR4QFA0jw2m,https://www.instagram.com/p/DR4QFA0jw2m/,farriestya,farriestya,netral,0.699,umum
DR4QFA0jw2m,https://www.instagram.com/p/DR4QFA0jw2m/,wahyudiarta,wahyudiarta,positif,0.566,umum
DR4QFA0jw2m,https://www.instagram.com/p/DR4QFA0jw2m/,firgimahardika,firgimahardika,netral,0.838,umum
DR4QFA0jw2m,https://www.instagram.com/p/DR4QFA0jw2m/,meenafauzi,meenafauzi,positif,0.831,umum
DR4QFA0jw2m,https://www.instagram.com/p/DR4QFA0jw2m/,tatyk_a_vina,tatyk_a_vina,netral,0.993,umum
DR4QFA0jw2m,https://www.instagram.com/p/DR4QFA0jw2m/,dheaprilia09,dheaprilia09,netral,0.957,umum
DR4QFA0jw2m,https://www.instagram.com/p/DR4QFA0jw2m/,arina_fauzia95,arina_fauzia95,netral,0.988,umum
DR4QFA0jw2m,https://www.instagram.com/p/DR4QFA0jw2m/,ndolenk_off,ndolenk_off,negatif,0.609,umum
DR4QFA0jw2m,https://www.instagram.com/p/DR4QFA0jw2m/,radargresik.id,radargresikid,netral,0.958,umum
DR4QFA0jw2m,https://www.instagram.com/p/DR4QFA0jw2m/,sunardi62527,sunardi62527,netral,0.976,umum
DR4QFA0jw2m,https://www.instagram.com/p/DR4QFA0jw2m/,deri091011,deri091011,netral,0.972,umum
DYOeG7nkztL,https://www.instagram.com/p/DYOeG7nkztL/,geo.fanatik,geofanatik,netral,0.82,umum
DYOeG7nkztL,https://www.instagram.com/p/DYOeG7nkztL/,gresik.media,gresikmedia,netral,0.698,umum
DYOeG7nkztL,https://www.instagram.com/p/DYOeG7nkztL/,awan.egr,awanegr,negatif,0.579,umum
DYOeG7nkztL,https://www.instagram.com/p/DYOeG7nkztL/,agussetyawan170896,agussetyawan170896,netral,0.994,umum
DYOeG7nkztL,https://www.instagram.com/p/DYOeG7nkztL/,mall.geka,mallgeka,positif,0.474,umum
DYOeG7nkztL,https://www.instagram.com/p/DYOeG7nkztL/,antontrisutrisno,antontrisutrisno,netral,0.757,umum
DYOeG7nkztL,https://www.instagram.com/p/DYOeG7nkztL/,radinka9006,radinka9006,netral,0.973,umum
DYOeG7nkztL,https://www.instagram.com/p/DYOeG7nkztL/,ivan_hervanda,ivan_hervanda,netral,0.994,umum
DYOeG7nkztL,https://www.instagram.com/p/DYOeG7nkztL/,_wht.3vr,_wht3vr,netral,0.959,umum
DYOeG7nkztL,https://www.instagram.com/p/DYOeG7nkztL/,wendyyudow,wendyyudow,netral,0.552,umum
DYOeG7nkztL,https://www.instagram.com/p/DYOeG7nkztL/,alri23,alri23,netral,0.785,umum
DYOeG7nkztL,https://www.instagram.com/p/DYOeG7nkztL/,ripribro,ripribro,positif,0.923,umum
DYOeG7nkztL,https://www.instagram.com/p/DYOeG7nkztL/,ningtyasyuayuu,ningtyasyuayuu,positif,0.921,umum
DYOeG7nkztL,https://www.instagram.com/p/DYOeG7nkztL/,sukma_rahwana_,sukma_rahwana_,netral,0.96,umum
DYOeG7nkztL,https://www.instagram.com/p/DYOeG7nkztL/,caklim,caklim,positif,0.697,umum
DYOeG7nkztL,https://www.instagram.com/p/DYOeG7nkztL/,alanherlambang_,alanherlambang_,netral,0.921,umum
DYOeG7nkztL,https://www.instagram.com/p/DYOeG7nkztL/,gresikspesial,gresikspesial,negatif,0.459,umum
DYOeG7nkztL,https://www.instagram.com/p/DYOeG7nkztL/,nagrezx,nagrezx,positif,0.935,umum
DYOeG7nkztL,https://www.instagram.com/p/DYOeG7nkztL/,safah_online,safah_online,netral,0.923,umum
DYOeG7nkztL,https://www.instagram.com/p/DYOeG7nkztL/,heri_juny,heri_juny,netral,0.972,umum
DYOeG7nkztL,https://www.instagram.com/p/DYOeG7nkztL/,andhieprayogha,andhieprayogha,positif,0.919,umum
DVo2ooGk0ur,https://www.instagram.com/p/DVo2ooGk0ur/,pemkabgresik,pemkabgresik,netral,0.947,umum
DVo2ooGk0ur,https://www.instagram.com/p/DVo2ooGk0ur/,dokter_alif,dokter_alif,netral,0.986,umum
DVo2ooGk0ur,https://www.instagram.com/p/DVo2ooGk0ur/,donviczero,donviczero,netral,0.947,umum
DVo2ooGk0ur,https://www.instagram.com/p/DVo2ooGk0ur/,alghurria,alghurria,netral,0.942,umum
DVo2ooGk0ur,https://www.instagram.com/p/DVo2ooGk0ur/,jatimmancal,jatimmancal,netral,0.723,umum
DVo2ooGk0ur,https://www.instagram.com/p/DVo2ooGk0ur/,gresik.media,gresikmedia,netral,0.698,umum
DVo2ooGk0ur,https://www.instagram.com/p/DVo2ooGk0ur/,arikristiani83,arikristiani83,netral,0.908,umum
DVo2ooGk0ur,https://www.instagram.com/p/DVo2ooGk0ur/,grefoo.academy,grefooacademy,netral,0.675,umum
DVo2ooGk0ur,https://www.instagram.com/p/DVo2ooGk0ur/,rianti_rich,rianti_rich,netral,0.977,umum
DVo2ooGk0ur,https://www.instagram.com/p/DVo2ooGk0ur/,ningtyasyuayuu,ningtyasyuayuu,positif,0.921,umum
DVo2ooGk0ur,https://www.instagram.com/p/DVo2ooGk0ur/,anim.abdullah,animabdullah,positif,0.708,umum
DVo2ooGk0ur,https://www.instagram.com/p/DVo2ooGk0ur/,gresik.satset,gresiksatset,netral,0.93,umum
DVo2ooGk0ur,https://www.instagram.com/p/DVo2ooGk0ur/,muhammad.el_m,muhammadel_m,netral,0.965,umum
DVo2ooGk0ur,https://www.instagram.com/p/DVo2ooGk0ur/,kopi.nalaa,kopinalaa,positif,0.955,umum
DVo2ooGk0ur,https://www.instagram.com/p/DVo2ooGk0ur/,pertapen,pertapen,netral,0.679,umum
DVo2ooGk0ur,https://www.instagram.com/p/DVo2ooGk0ur/,ainul_yqin,ainul_yqin,netral,0.975,umum
DVo2ooGk0ur,https://www.instagram.com/p/DVo2ooGk0ur/,ranggagitahomaya,ranggagitahomaya,netral,0.797,umum
DMCTdjbRZz5,https://www.instagram.com/p/DMCTdjbRZz5/,inigresik,inigresik,netral,0.97,umum
DMCTdjbRZz5,https://www.instagram.com/p/DMCTdjbRZz5/,daviq_al_haq,daviq_al_haq,netral,0.988,umum
DMCTdjbRZz5,https://www.instagram.com/p/DMCTdjbRZz5/,warehousefc_official,warehousefc_official,netral,0.991,umum
DMCTdjbRZz5,https://www.instagram.com/p/DMCTdjbRZz5/,oki_donk,oki_donk,netral,0.988,umum
DMCTdjbRZz5,https://www.instagram.com/p/DMCTdjbRZz5/,lnfadhil,lnfadhil,positif,0.987,umum
DMCTdjbRZz5,https://www.instagram.com/p/DMCTdjbRZz5/,vahrudin2020,vahrudin2020,netral,0.953,umum
DMCTdjbRZz5,https://www.instagram.com/p/DMCTdjbRZz5/,videografifotografiso,videografifotografiso,netral,0.993,umum
DMCTdjbRZz5,https://www.instagram.com/p/DMCTdjbRZz5/,mutifstoregresik,mutifstoregresik,netral,0.965,umum
DZ_qdOCmJSh,https://www.instagram.com/p/DZ_qdOCmJSh/,maswignyo_paktani_n90,maswignyo_paktani_n90,netral,0.991,umum
DYtbIM3SE4U,https://www.instagram.com/p/DYtbIM3SE4U/,jendelajatengdiy,jendelajatengdiy,netral,0.989,umum
DYtbIM3SE4U,https://www.instagram.com/p/DYtbIM3SE4U/,armagedoon_6,armagedoon_6,netral,0.956,umum
DYtbIM3SE4U,https://www.instagram.com/p/DYtbIM3SE4U/,endripriyanto,endripriyanto,netral,0.849,umum
DYtbIM3SE4U,https://www.instagram.com/p/DYtbIM3SE4U/,mahes.samson,mahessamson,netral,0.672,umum
DYtbIM3SE4U,https://www.instagram.com/p/DYtbIM3SE4U/,siskhansis,siskhansis,positif,0.736,umum
DYtbIM3SE4U,https://www.instagram.com/p/DYtbIM3SE4U/,sambadaaaaa,sambadaaaaa,positif,0.991,umum
DYtbIM3SE4U,https://www.instagram.com/p/DYtbIM3SE4U/,angienw_,angienw_,netral,0.712,umum
DYtbIM3SE4U,https://www.instagram.com/p/DYtbIM3SE4U/,itongeka,itongeka,negatif,0.712,umum
DYtbIM3SE4U,https://www.instagram.com/p/DYtbIM3SE4U/,infodanasriraya,infodanasriraya,netral,0.959,umum
DYtbIM3SE4U,https://www.instagram.com/p/DYtbIM3SE4U/,bagussbadrikaa,bagussbadrikaa,positif,0.979,umum
DYtbIM3SE4U,https://www.instagram.com/p/DYtbIM3SE4U/,alfinpewe,alfinpewe,netral,0.607,umum
DYtbIM3SE4U,https://www.instagram.com/p/DYtbIM3SE4U/,b3_ka,b3_ka,netral,0.866,umum
DYtbIM3SE4U,https://www.instagram.com/p/DYtbIM3SE4U/,teguhprasetyo1310,teguhprasetyo1310,netral,0.989,umum
DYtbIM3SE4U,https://www.instagram.com/p/DYtbIM3SE4U/,jihadalfaruq,jihadalfaruq,positif,0.657,umum
DYtbIM3SE4U,https://www.instagram.com/p/DYtbIM3SE4U/,markho21,markho21,netral,0.601,umum
DYtbIM3SE4U,https://www.instagram.com/p/DYtbIM3SE4U/,esameramera,esameramera,netral,0.81,umum
DYtbIM3SE4U,https://www.instagram.com/p/DYtbIM3SE4U/,eling_ardiyan,eling_ardiyan,netral,0.981,umum
DW05NY5qtVl,https://www.instagram.com/p/DW05NY5qtVl/,clay.ducation,clayducation,positif,0.878,umum
DW05NY5qtVl,https://www.instagram.com/p/DW05NY5qtVl/,asik.creative,asikcreative,positif,0.993,umum
DW05NY5qtVl,https://www.instagram.com/p/DW05NY5qtVl/,sugenk_prayoga,sugenk_prayoga,netral,0.982,umum
DW05NY5qtVl,https://www.instagram.com/p/DW05NY5qtVl/,ali_syaifi,ali_syaifi,netral,0.982,umum
DW05NY5qtVl,https://www.instagram.com/p/DW05NY5qtVl/,rosiemaulyar,rosiemaulyar,netral,0.937,umum
DW05NY5qtVl,https://www.instagram.com/p/DW05NY5qtVl/,erisa_imran,erisa_imran,netral,0.978,umum
DW05NY5qtVl,https://www.instagram.com/p/DW05NY5qtVl/,anggianggraeni98,anggianggraeni98,netral,0.958,umum
DW05NY5qtVl,https://www.instagram.com/p/DW05NY5qtVl/,tentanggresik,tentanggresik,netral,0.955,umum
DW05NY5qtVl,https://www.instagram.com/p/DW05NY5qtVl/,gresikstory.ofc,gresikstoryofc,netral,0.64,umum
DW05NY5qtVl,https://www.instagram.com/p/DW05NY5qtVl/,kakek.genzai,kakekgenzai,negatif,0.844,umum
DW05NY5qtVl,https://www.instagram.com/p/DW05NY5qtVl/,reyzanimanda,reyzanimanda,netral,0.745,umum
DW05NY5qtVl,https://www.instagram.com/p/DW05NY5qtVl/,maratul_22,maratul_22,netral,0.953,umum
DW05NY5qtVl,https://www.instagram.com/p/DW05NY5qtVl/,mardikarend,mardikarend,positif,0.679,umum
DW05NY5qtVl,https://www.instagram.com/p/DW05NY5qtVl/,mawan.ok,mawanok,positif,0.7,umum
DW05NY5qtVl,https://www.instagram.com/p/DW05NY5qtVl/,aldyo_oo,aldyo_oo,netral,0.944,umum
DW05NY5qtVl,https://www.instagram.com/p/DW05NY5qtVl/,satryaji_,satryaji_,netral,0.882,umum
DRasPzTk16s,https://www.instagram.com/p/DRasPzTk16s/,inigresik,inigresik,netral,0.97,umum
DRasPzTk16s,https://www.instagram.com/p/DRasPzTk16s/,inigresik.id,inigresikid,netral,0.768,umum
DRasPzTk16s,https://www.instagram.com/p/DRasPzTk16s/,putrisetyap,putrisetyap,positif,0.731,umum
DRasPzTk16s,https://www.instagram.com/p/DRasPzTk16s/,ketua_dpd_hmp_kota_surabaya,ketua_dpd_hmp_kota_surabaya,netral,0.997,umum
DRasPzTk16s,https://www.instagram.com/p/DRasPzTk16s/,such_noeff,such_noeff,positif,0.809,umum
DRasPzTk16s,https://www.instagram.com/p/DRasPzTk16s/,putrabimapradikta,putrabimapradikta,netral,0.974,umum
DRasPzTk16s,https://www.instagram.com/p/DRasPzTk16s/,raphitadewi,raphitadewi,positif,0.502,umum
DRasPzTk16s,https://www.instagram.com/p/DRasPzTk16s/,cal_leatherseat,cal_leatherseat,netral,0.992,umum
DRasPzTk16s,https://www.instagram.com/p/DRasPzTk16s/,puttrabagus.nine9__,puttrabagusnine9__,netral,0.859,umum
DWxJSNmE_b-,https://www.instagram.com/p/DWxJSNmE_b-/,infoduduksampeyan,infoduduksampeyan,netral,0.975,umum
DWxJSNmE_b-,https://www.instagram.com/p/DWxJSNmE_b-/,fridaayuhapsari,fridaayuhapsari,netral,0.919,umum
DWxJSNmE_b-,https://www.instagram.com/p/DWxJSNmE_b-/,vhirman16,vhirman16,netral,0.763,umum
DWxJSNmE_b-,https://www.instagram.com/p/DWxJSNmE_b-/,ilhamags26,ilhamags26,netral,0.865,umum
DWxJSNmE_b-,https://www.instagram.com/p/DWxJSNmE_b-/,yngtrhrmtbejo,yngtrhrmtbejo,netral,0.918,umum
DWxJSNmE_b-,https://www.instagram.com/p/DWxJSNmE_b-/,taapattaa,taapattaa,positif,0.914,umum
DWxJSNmE_b-,https://www.instagram.com/p/DWxJSNmE_b-/,dimas__1966,dimas__1966,netral,0.919,umum
DWxJSNmE_b-,https://www.instagram.com/p/DWxJSNmE_b-/,angkasa_ahmd,angkasa_ahmd,netral,0.984,umum
DWxJSNmE_b-,https://www.instagram.com/p/DWxJSNmE_b-/,mamaibrahim_musyaffa,mamaibrahim_musyaffa,netral,0.98,umum
DWxJSNmE_b-,https://www.instagram.com/p/DWxJSNmE_b-/,bakulmanuk2020,bakulmanuk2020,netral,0.99,umum
DWxJSNmE_b-,https://www.instagram.com/p/DWxJSNmE_b-/,cayyow,cayyow,positif,0.975,umum
DWxJSNmE_b-,https://www.instagram.com/p/DWxJSNmE_b-/,izzydiyant0412,izzydiyant0412,netral,0.981,umum
DWxJSNmE_b-,https://www.instagram.com/p/DWxJSNmE_b-/,puput_wulandari1409,puput_wulandari1409,netral,0.993,umum
DWxJSNmE_b-,https://www.instagram.com/p/DWxJSNmE_b-/,hilalfahmi24,hilalfahmi24,netral,0.883,umum
DWxJSNmE_b-,https://www.instagram.com/p/DWxJSNmE_b-/,reyhanzzz_07,reyhanzzz_07,netral,0.861,umum
DWxJSNmE_b-,https://www.instagram.com/p/DWxJSNmE_b-/,erikwp_,erikwp_,netral,0.582,umum
DWxJSNmE_b-,https://www.instagram.com/p/DWxJSNmE_b-/,cakyoo.ae.73,cakyooae73,netral,0.884,umum
DafAjg-EbVP,https://www.instagram.com/p/DafAjg-EbVP/,s4hlyndr_,s4hlyndr_,netral,0.704,umum
DafAjg-EbVP,https://www.instagram.com/p/DafAjg-EbVP/,dissataran,dissataran,positif,0.604,umum
DafAjg-EbVP,https://www.instagram.com/p/DafAjg-EbVP/,adindadr._,adindadr_,netral,0.843,umum
DafAjg-EbVP,https://www.instagram.com/p/DafAjg-EbVP/,cha_cha121210,cha_cha121210,netral,0.994,umum
DafAjg-EbVP,https://www.instagram.com/p/DafAjg-EbVP/,naurhglh,naurhglh,positif,0.786,umum
DafAjg-EbVP,https://www.instagram.com/p/DafAjg-EbVP/,pa4l___,pa4l___,positif,0.615,umum
DafAjg-EbVP,https://www.instagram.com/p/DafAjg-EbVP/,cha_aullyz,cha_aullyz,netral,0.981,umum
DafAjg-EbVP,https://www.instagram.com/p/DafAjg-EbVP/,williyanaa_01,williyanaa_01,netral,0.984,umum
DafAjg-EbVP,https://www.instagram.com/p/DafAjg-EbVP/,raunanaaa01,raunanaaa01,positif,0.941,umum
DafAjg-EbVP,https://www.instagram.com/p/DafAjg-EbVP/,warrrrddaaaaa,warrrrddaaaaa,positif,0.896,umum
DaX_cCDzeEi,https://www.instagram.com/p/DaX_cCDzeEi/,wonggresik,wonggresik,netral,0.848,umum
DaX_cCDzeEi,https://www.instagram.com/p/DaX_cCDzeEi/,huruf.timbul.gresik,huruftimbulgresik,netral,0.957,umum
DaX_cCDzeEi,https://www.instagram.com/p/DaX_cCDzeEi/,firmansyahferro,firmansyahferro,netral,0.774,umum
DaX_cCDzeEi,https://www.instagram.com/p/DaX_cCDzeEi/,virtaria_m,virtaria_m,netral,0.945,umum
DaX_cCDzeEi,https://www.instagram.com/p/DaX_cCDzeEi/,kambalidlh,kambalidlh,positif,0.927,umum
DaX_cCDzeEi,https://www.instagram.com/p/DaX_cCDzeEi/,mas_fianvivogkb,mas_fianvivogkb,netral,0.995,umum
DaX_cCDzeEi,https://www.instagram.com/p/DaX_cCDzeEi/,achmadyazidafandi,achmadyazidafandi,netral,0.772,umum
DaX_cCDzeEi,https://www.instagram.com/p/DaX_cCDzeEi/,viviyuliana297,viviyuliana297,netral,0.974,umum
DWsw74PgDB8,https://www.instagram.com/p/DWsw74PgDB8/,polresgresik_official,polresgresik_official,netral,0.996,umum
DWsw74PgDB8,https://www.instagram.com/p/DWsw74PgDB8/,henikargianti.dns,henikargiantidns,netral,0.761,umum
DWsw74PgDB8,https://www.instagram.com/p/DWsw74PgDB8/,budionosiswati,budionosiswati,netral,0.888,umum
DWsw74PgDB8,https://www.instagram.com/p/DWsw74PgDB8/,mozura99,mozura99,positif,0.51,umum
DWsw74PgDB8,https://www.instagram.com/p/DWsw74PgDB8/,whdhatika,whdhatika,positif,0.975,umum
DWsw74PgDB8,https://www.instagram.com/p/DWsw74PgDB8/,st4rr.fru1tt,st4rrfru1tt,positif,0.831,umum
DWsw74PgDB8,https://www.instagram.com/p/DWsw74PgDB8/,iyungrda,iyungrda,positif,0.683,umum
DWsw74PgDB8,https://www.instagram.com/p/DWsw74PgDB8/,ygapratam_,ygapratam_,positif,0.564,umum
DWsw74PgDB8,https://www.instagram.com/p/DWsw74PgDB8/,renno8891,renno8891,netral,0.901,umum
DWsw74PgDB8,https://www.instagram.com/p/DWsw74PgDB8/,risdahlza,risdahlza,netral,0.657,umum
DWsw74PgDB8,https://www.instagram.com/p/DWsw74PgDB8/,michi_michielacyla,michi_michielacyla,netral,0.991,umum
DWsw74PgDB8,https://www.instagram.com/p/DWsw74PgDB8/,thbullss,thbullss,positif,0.554,umum
DWsw74PgDB8,https://www.instagram.com/p/DWsw74PgDB8/,chiciacuaa,chiciacuaa,positif,0.877,umum
DWsw74PgDB8,https://www.instagram.com/p/DWsw74PgDB8/,aina.mdh,ainamdh,positif,0.961,umum
DWsw74PgDB8,https://www.instagram.com/p/DWsw74PgDB8/,diazisco.kt,diaziscokt,netral,0.609,umum
DWsw74PgDB8,https://www.instagram.com/p/DWsw74PgDB8/,bakhrudeon_bndl,bakhrudeon_bndl,netral,0.957,umum
DWsw74PgDB8,https://www.instagram.com/p/DWsw74PgDB8/,ucyboyy.nt,ucyboyynt,netral,0.698,umum
C3nFR4DJE8w,https://www.instagram.com/p/C3nFR4DJE8w/,gresiksatu1,gresiksatu1,netral,0.78,umum
C3nFR4DJE8w,https://www.instagram.com/p/C3nFR4DJE8w/,wonggresik,wonggresik,netral,0.848,umum
C3nFR4DJE8w,https://www.instagram.com/p/C3nFR4DJE8w/,saraiora,saraiora,positif,0.456,umum
C3nFR4DJE8w,https://www.instagram.com/p/C3nFR4DJE8w/,ozie_bf,ozie_bf,netral,0.985,umum
C3nFR4DJE8w,https://www.instagram.com/p/C3nFR4DJE8w/,kangtitt,kangtitt,negatif,0.52,umum
C3nFR4DJE8w,https://www.instagram.com/p/C3nFR4DJE8w/,septian_rizky.p,septian_rizkyp,netral,0.987,umum
C3nFR4DJE8w,https://www.instagram.com/p/C3nFR4DJE8w/,ar.iz442,ariz442,netral,0.918,umum
C3nFR4DJE8w,https://www.instagram.com/p/C3nFR4DJE8w/,rensifidyasmara96,rensifidyasmara96,netral,0.964,umum
C3nFR4DJE8w,https://www.instagram.com/p/C3nFR4DJE8w/,rayya_frozen_gresik,rayya_frozen_gresik,netral,0.986,umum
C3nFR4DJE8w,https://www.instagram.com/p/C3nFR4DJE8w/,adipatigdoses,adipatigdoses,negatif,0.981,umum
C3nFR4DJE8w,https://www.instagram.com/p/C3nFR4DJE8w/,haiiputri03,haiiputri03,netral,0.964,umum
C3nFR4DJE8w,https://www.instagram.com/p/C3nFR4DJE8w/,rosset_mahesa,rosset_mahesa,netral,0.976,umum
C3nFR4DJE8w,https://www.instagram.com/p/C3nFR4DJE8w/,aminudin_nico90,aminudin_nico90,netral,0.69,umum
C3nFR4DJE8w,https://www.instagram.com/p/C3nFR4DJE8w/,faris830,faris830,netral,0.867,umum
C3nFR4DJE8w,https://www.instagram.com/p/C3nFR4DJE8w/,mx_seruni,mx_seruni,netral,0.845,umum
C3nFR4DJE8w,https://www.instagram.com/p/C3nFR4DJE8w/,nmasmlyd,nmasmlyd,positif,0.726,umum
DWd03xwEV5s,https://www.instagram.com/p/DWd03xwEV5s/,arrahman_ari,arrahman_ari,netral,0.987,umum
DWd03xwEV5s,https://www.instagram.com/p/DWd03xwEV5s/,zoyyaaayyyyy7777,zoyyaaayyyyy7777,netral,0.918,umum
DWd03xwEV5s,https://www.instagram.com/p/DWd03xwEV5s/,malyarilanti,malyarilanti,positif,0.602,umum
DWd03xwEV5s,https://www.instagram.com/p/DWd03xwEV5s/,lucagreenflags,lucagreenflags,netral,0.748,umum
DWd03xwEV5s,https://www.instagram.com/p/DWd03xwEV5s/,malisaruby,malisaruby,positif,0.86,umum
DWd03xwEV5s,https://www.instagram.com/p/DWd03xwEV5s/,alfan_andrian,alfan_andrian,netral,0.988,umum
DWd03xwEV5s,https://www.instagram.com/p/DWd03xwEV5s/,harwita_131,harwita_131,netral,0.986,umum
DWd03xwEV5s,https://www.instagram.com/p/DWd03xwEV5s/,ascakarifin,ascakarifin,positif,0.701,umum
DWd03xwEV5s,https://www.instagram.com/p/DWd03xwEV5s/,indradprasetyo,indradprasetyo,netral,0.976,umum
DWd03xwEV5s,https://www.instagram.com/p/DWd03xwEV5s/,mh.badruttamam,mhbadruttamam,positif,0.764,umum
DWd03xwEV5s,https://www.instagram.com/p/DWd03xwEV5s/,aditiyadwii,aditiyadwii,netral,0.775,umum
DWd03xwEV5s,https://www.instagram.com/p/DWd03xwEV5s/,danangtri_22,danangtri_22,netral,0.99,umum
DWd03xwEV5s,https://www.instagram.com/p/DWd03xwEV5s/,aries_istylaksana,aries_istylaksana,netral,0.993,umum
DWd03xwEV5s,https://www.instagram.com/p/DWd03xwEV5s/,endangpurwati10,endangpurwati10,netral,0.862,umum
DWd03xwEV5s,https://www.instagram.com/p/DWd03xwEV5s/,bgsptr0_,bgsptr0_,netral,0.533,umum
DWd03xwEV5s,https://www.instagram.com/p/DWd03xwEV5s/,heri_hore_03,heri_hore_03,netral,0.959,umum
DWd03xwEV5s,https://www.instagram.com/p/DWd03xwEV5s/,pricilia_ayumariskha,pricilia_ayumariskha,netral,0.989,umum
DWd03xwEV5s,https://www.instagram.com/p/DWd03xwEV5s/,bangicalfaisal72,bangicalfaisal72,netral,0.896,umum
DNX9c_LpHec,https://www.instagram.com/p/DNX9c_LpHec/,wartagresik,wartagresik,netral,0.963,umum
DNX9c_LpHec,https://www.instagram.com/p/DNX9c_LpHec/,wartagiri,wartagiri,netral,0.928,umum
DW89e3gEecF,https://www.instagram.com/p/DW89e3gEecF/,citizenjournalist86,citizenjournalist86,netral,0.963,umum
DW89e3gEecF,https://www.instagram.com/p/DW89e3gEecF/,ekifasrizal_,ekifasrizal_,netral,0.898,umum
DW89e3gEecF,https://www.instagram.com/p/DW89e3gEecF/,dianhadianto05,dianhadianto05,netral,0.956,umum
DW89e3gEecF,https://www.instagram.com/p/DW89e3gEecF/,djading.p,djadingp,netral,0.741,umum
DW89e3gEecF,https://www.instagram.com/p/DW89e3gEecF/,eduard_sawoti,eduard_sawoti,netral,0.989,umum
DW89e3gEecF,https://www.instagram.com/p/DW89e3gEecF/,raden__masyogi,raden__masyogi,netral,0.93,umum
DW89e3gEecF,https://www.instagram.com/p/DW89e3gEecF/,belleondhyhp,belleondhyhp,netral,0.6,umum
DW89e3gEecF,https://www.instagram.com/p/DW89e3gEecF/,vnodwi,vnodwi,positif,0.641,umum
DW89e3gEecF,https://www.instagram.com/p/DW89e3gEecF/,lazuardynilhami,lazuardynilhami,netral,0.489,umum
DW89e3gEecF,https://www.instagram.com/p/DW89e3gEecF/,afikry360,afikry360,netral,0.869,umum
DW89e3gEecF,https://www.instagram.com/p/DW89e3gEecF/,glhtgrwbsn,glhtgrwbsn,netral,0.544,umum
DW89e3gEecF,https://www.instagram.com/p/DW89e3gEecF/,linggatrnd,linggatrnd,netral,0.729,umum
DW89e3gEecF,https://www.instagram.com/p/DW89e3gEecF/,gini_gini.aja_nih,gini_giniaja_nih,netral,0.892,umum
DW89e3gEecF,https://www.instagram.com/p/DW89e3gEecF/,ilhamnurfadilah1912,ilhamnurfadilah1912,netral,0.983,umum
DW89e3gEecF,https://www.instagram.com/p/DW89e3gEecF/,sendyyyudha,sendyyyudha,positif,0.95,umum
DW89e3gEecF,https://www.instagram.com/p/DW89e3gEecF/,indramalang2007,indramalang2007,netral,0.59,umum
DW89e3gEecF,https://www.instagram.com/p/DW89e3gEecF/,doels_gan,doels_gan,netral,0.964,umum
DW89e3gEecF,https://www.instagram.com/p/DW89e3gEecF/,datagaaa,datagaaa,positif,0.876,umum
DZtrlv2PSPS,https://www.instagram.com/p/DZtrlv2PSPS/,infogresik,infogresik,netral,0.981,umum
DZtrlv2PSPS,https://www.instagram.com/p/DZtrlv2PSPS/,agiestanp_,agiestanp_,positif,0.89,umum
DZtrlv2PSPS,https://www.instagram.com/p/DZtrlv2PSPS/,esaachandra,esaachandra,netral,0.531,umum
DZtrlv2PSPS,https://www.instagram.com/p/DZtrlv2PSPS/,muchammadfahrillah,muchammadfahrillah,netral,0.739,umum
DZtrlv2PSPS,https://www.instagram.com/p/DZtrlv2PSPS/,sintiarrahmah,sintiarrahmah,positif,0.783,umum
DZtrlv2PSPS,https://www.instagram.com/p/DZtrlv2PSPS/,ririndiankartika,ririndiankartika,netral,0.974,umum
DZtrlv2PSPS,https://www.instagram.com/p/DZtrlv2PSPS/,sheillahcheila,sheillahcheila,positif,0.82,umum
DZtrlv2PSPS,https://www.instagram.com/p/DZtrlv2PSPS/,ryan_accessories,ryan_accessories,netral,0.987,umum
DZtrlv2PSPS,https://www.instagram.com/p/DZtrlv2PSPS/,ar_syid1,ar_syid1,netral,0.981,umum
DZtrlv2PSPS,https://www.instagram.com/p/DZtrlv2PSPS/,dwii.hariy,dwiihariy,netral,0.495,umum
DZtrlv2PSPS,https://www.instagram.com/p/DZtrlv2PSPS/,hafidhsch.ai,hafidhschai,positif,0.85,umum
DZtrlv2PSPS,https://www.instagram.com/p/DZtrlv2PSPS/,vt_mafynta21,vt_mafynta21,netral,0.989,umum
DZtrlv2PSPS,https://www.instagram.com/p/DZtrlv2PSPS/,kemalfazza,kemalfazza,positif,0.952,umum
DZtrlv2PSPS,https://www.instagram.com/p/DZtrlv2PSPS/,pak_e_nana,pak_e_nana,netral,0.992,umum
DZtrlv2PSPS,https://www.instagram.com/p/DZtrlv2PSPS/,mizushinoyamada,mizushinoyamada,netral,0.547,umum
DZtrlv2PSPS,https://www.instagram.com/p/DZtrlv2PSPS/,aniknurhayatin63,aniknurhayatin63,netral,0.97,umum
DZtrlv2PSPS,https://www.instagram.com/p/DZtrlv2PSPS/,liliycing,liliycing,positif,0.501,umum
DNdEV4NJiC8,https://www.instagram.com/p/DNdEV4NJiC8/,yuristififi,yuristififi,positif,0.679,umum
DNdEV4NJiC8,https://www.instagram.com/p/DNdEV4NJiC8/,masterchymaster,masterchymaster,positif,0.665,umum
DYg4BizmqA-,https://www.instagram.com/p/DYg4BizmqA-/,gresiksumpek.id,gresiksumpekid,netral,0.835,umum
DYg4BizmqA-,https://www.instagram.com/p/DYg4BizmqA-/,_cansswaaa_22_,_cansswaaa_22_,netral,0.532,umum
DYg4BizmqA-,https://www.instagram.com/p/DYg4BizmqA-/,masal_0805,masal_0805,netral,0.988,umum
DYg4BizmqA-,https://www.instagram.com/p/DYg4BizmqA-/,pretikhaa,pretikhaa,positif,0.937,umum
DYg4BizmqA-,https://www.instagram.com/p/DYg4BizmqA-/,trhustit,trhustit,positif,0.989,umum
DSxNeo_Epzn,https://www.instagram.com/p/DSxNeo_Epzn/,gresik_info_loker,gresik_info_loker,netral,0.997,umum
DSxNeo_Epzn,https://www.instagram.com/p/DSxNeo_Epzn/,loker_gresikk,loker_gresikk,netral,0.989,umum
DSxNeo_Epzn,https://www.instagram.com/p/DSxNeo_Epzn/,hildadiyah,hildadiyah,positif,0.464,umum
DSxNeo_Epzn,https://www.instagram.com/p/DSxNeo_Epzn/,_ramaachmad14_,_ramaachmad14_,netral,0.929,umum
DSxNeo_Epzn,https://www.instagram.com/p/DSxNeo_Epzn/,dufi3724,dufi3724,netral,0.851,umum
DSxNeo_Epzn,https://www.instagram.com/p/DSxNeo_Epzn/,anenigmared,anenigmared,positif,0.665,umum
DSxNeo_Epzn,https://www.instagram.com/p/DSxNeo_Epzn/,abdlraa,abdlraa,positif,0.754,umum
DWlq5pUgfs6,https://www.instagram.com/p/DWlq5pUgfs6/,diskopukmdeliserdang,diskopukmdeliserdang,netral,0.993,umum
DWlq5pUgfs6,https://www.instagram.com/p/DWlq5pUgfs6/,abmujib585,abmujib585,netral,0.948,umum
DWlq5pUgfs6,https://www.instagram.com/p/DWlq5pUgfs6/,chadidjah_pudding_art,chadidjah_pudding_art,netral,0.987,umum
DWlq5pUgfs6,https://www.instagram.com/p/DWlq5pUgfs6/,bismillahijab_collection,bismillahijab_collection,netral,0.953,umum
DWlq5pUgfs6,https://www.instagram.com/p/DWlq5pUgfs6/,suaidahchan,suaidahchan,positif,0.792,umum
DWlq5pUgfs6,https://www.instagram.com/p/DWlq5pUgfs6/,juraganlapananam,juraganlapananam,positif,0.69,umum
DWlq5pUgfs6,https://www.instagram.com/p/DWlq5pUgfs6/,ismail_dendi_alfarizie,ismail_dendi_alfarizie,netral,0.994,umum
DWlq5pUgfs6,https://www.instagram.com/p/DWlq5pUgfs6/,zul31465,zul31465,netral,0.833,umum
DWlq5pUgfs6,https://www.instagram.com/p/DWlq5pUgfs6/,parcelisme,parcelisme,negatif,0.942,umum
DWlq5pUgfs6,https://www.instagram.com/p/DWlq5pUgfs6/,ervina.dedek,ervinadedek,positif,0.599,umum
DWlq5pUgfs6,https://www.instagram.com/p/DWlq5pUgfs6/,rahmania.4477,rahmania4477,netral,0.875,umum
DU6HaGXEnWd,https://www.instagram.com/p/DU6HaGXEnWd/,drm_design_official,drm_design_official,netral,0.992,umum
DU6HaGXEnWd,https://www.instagram.com/p/DU6HaGXEnWd/,yanti_shipong,yanti_shipong,netral,0.955,umum
DU6HaGXEnWd,https://www.instagram.com/p/DU6HaGXEnWd/,afriani_3004,afriani_3004,netral,0.976,umum
DU6HaGXEnWd,https://www.instagram.com/p/DU6HaGXEnWd/,alifmardiana,alifmardiana,netral,0.685,umum
DU6HaGXEnWd,https://www.instagram.com/p/DU6HaGXEnWd/,aluk_alahsani,aluk_alahsani,positif,0.82,umum
DU6HaGXEnWd,https://www.instagram.com/p/DU6HaGXEnWd/,rismawardany_,rismawardany_,netral,0.959,umum
DU6HaGXEnWd,https://www.instagram.com/p/DU6HaGXEnWd/,altapoww,altapoww,negatif,0.472,umum
DU6HaGXEnWd,https://www.instagram.com/p/DU6HaGXEnWd/,msafriabdullah,msafriabdullah,positif,0.944,umum
DU6HaGXEnWd,https://www.instagram.com/p/DU6HaGXEnWd/,_sstarllaaa,_sstarllaaa,positif,0.815,umum
DUzddysE0VD,https://www.instagram.com/p/DUzddysE0VD/,gresiktourism.official,gresiktourismofficial,netral,0.983,umum
DUzddysE0VD,https://www.instagram.com/p/DUzddysE0VD/,fitri.rosfita,fitrirosfita,netral,0.701,umum
DUzddysE0VD,https://www.instagram.com/p/DUzddysE0VD/,gusgresikofficial,gusgresikofficial,netral,0.99,umum
DUzddysE0VD,https://www.instagram.com/p/DUzddysE0VD/,airotul_,airotul_,positif,0.52,umum
DUzddysE0VD,https://www.instagram.com/p/DUzddysE0VD/,sukiman631,sukiman631,netral,0.941,umum
DUzddysE0VD,https://www.instagram.com/p/DUzddysE0VD/,ummi_khoiroh,ummi_khoiroh,netral,0.941,umum
DUzddysE0VD,https://www.instagram.com/p/DUzddysE0VD/,fajardika07,fajardika07,netral,0.932,umum
DUzddysE0VD,https://www.instagram.com/p/DUzddysE0VD/,gresik.satset,gresiksatset,netral,0.93,umum
DUzddysE0VD,https://www.instagram.com/p/DUzddysE0VD/,lisafifa6229,lisafifa6229,netral,0.975,umum
DUzddysE0VD,https://www.instagram.com/p/DUzddysE0VD/,ndukunsumpek_id,ndukunsumpek_id,netral,0.956,umum
DUzddysE0VD,https://www.instagram.com/p/DUzddysE0VD/,ravi_armansyah,ravi_armansyah,netral,0.985,umum
DUzddysE0VD,https://www.instagram.com/p/DUzddysE0VD/,molmolyly,molmolyly,positif,0.74,umum
DUzddysE0VD,https://www.instagram.com/p/DUzddysE0VD/,sependalas12,sependalas12,positif,0.852,umum
DUzddysE0VD,https://www.instagram.com/p/DUzddysE0VD/,alyaajunii_,alyaajunii_,netral,0.58,umum
DY5PrBkTMi4,https://www.instagram.com/p/DY5PrBkTMi4/,bugurusayanggggg,bugurusayanggggg,positif,0.679,umum
DY5PrBkTMi4,https://www.instagram.com/p/DY5PrBkTMi4/,syafrilariantonoo,syafrilariantonoo,netral,0.91,umum
DY5PrBkTMi4,https://www.instagram.com/p/DY5PrBkTMi4/,tri_prasetiyo_,tri_prasetiyo_,netral,0.976,umum
DY5PrBkTMi4,https://www.instagram.com/p/DY5PrBkTMi4/,ghofursetiakes,ghofursetiakes,netral,0.685,umum
DY5PrBkTMi4,https://www.instagram.com/p/DY5PrBkTMi4/,prasetyo_katalog,prasetyo_katalog,netral,0.988,umum
DY5PrBkTMi4,https://www.instagram.com/p/DY5PrBkTMi4/,akbrprmbd_,akbrprmbd_,netral,0.957,umum
DY5PrBkTMi4,https://www.instagram.com/p/DY5PrBkTMi4/,kuli.lokal,kulilokal,negatif,0.985,umum
DY5PrBkTMi4,https://www.instagram.com/p/DY5PrBkTMi4/,rachmaddwii,rachmaddwii,netral,0.887,umum
DY5PrBkTMi4,https://www.instagram.com/p/DY5PrBkTMi4/,rosi__.__,rosi____,netral,0.822,umum
DY5PrBkTMi4,https://www.instagram.com/p/DY5PrBkTMi4/,enryco17,enryco17,netral,0.543,umum
DY5PrBkTMi4,https://www.instagram.com/p/DY5PrBkTMi4/,wildans016,wildans016,netral,0.743,umum
DY5PrBkTMi4,https://www.instagram.com/p/DY5PrBkTMi4/,_fjrasshidiq_,_fjrasshidiq_,netral,0.769,umum
DY5PrBkTMi4,https://www.instagram.com/p/DY5PrBkTMi4/,upok26,upok26,positif,0.639,umum
DY5PrBkTMi4,https://www.instagram.com/p/DY5PrBkTMi4/,sultan_sultanan_,sultan_sultanan_,netral,0.474,umum
DY5PrBkTMi4,https://www.instagram.com/p/DY5PrBkTMi4/,mas.lum,maslum,positif,0.863,umum
DY5PrBkTMi4,https://www.instagram.com/p/DY5PrBkTMi4/,arjunagustino,arjunagustino,netral,0.694,umum
DY5PrBkTMi4,https://www.instagram.com/p/DY5PrBkTMi4/,rzlfrdsh,rzlfrdsh,netral,0.73,umum
DPKkP2pE6K-,https://www.instagram.com/p/DPKkP2pE6K-/,inigresik,inigresik,netral,0.97,umum
DPKkP2pE6K-,https://www.instagram.com/p/DPKkP2pE6K-/,kasmonost,kasmonost,netral,0.515,umum
DPKkP2pE6K-,https://www.instagram.com/p/DPKkP2pE6K-/,agussetyawan170896,agussetyawan170896,netral,0.994,umum
DPKkP2pE6K-,https://www.instagram.com/p/DPKkP2pE6K-/,alfan_fauzi27,alfan_fauzi27,netral,0.989,umum
DL_Mu5KOAiZ,https://www.instagram.com/p/DL_Mu5KOAiZ/,inigresik,inigresik,netral,0.97,umum
DL_Mu5KOAiZ,https://www.instagram.com/p/DL_Mu5KOAiZ/,sak_klebat,sak_klebat,positif,0.407,umum
DL_Mu5KOAiZ,https://www.instagram.com/p/DL_Mu5KOAiZ/,joniwira03,joniwira03,netral,0.894,umum
DL_Mu5KOAiZ,https://www.instagram.com/p/DL_Mu5KOAiZ/,yogaprakastiawahyudi,yogaprakastiawahyudi,netral,0.95,umum
DL_Mu5KOAiZ,https://www.instagram.com/p/DL_Mu5KOAiZ/,bimbel_orbitprestasi,bimbel_orbitprestasi,netral,0.985,umum
DL_Mu5KOAiZ,https://www.instagram.com/p/DL_Mu5KOAiZ/,aveomiwii__,aveomiwii__,netral,0.504,umum
DL_Mu5KOAiZ,https://www.instagram.com/p/DL_Mu5KOAiZ/,edy2mulya,edy2mulya,netral,0.786,umum
DL_Mu5KOAiZ,https://www.instagram.com/p/DL_Mu5KOAiZ/,akhmadzaelani03,akhmadzaelani03,netral,0.908,umum
DL_Mu5KOAiZ,https://www.instagram.com/p/DL_Mu5KOAiZ/,jimbon021,jimbon021,netral,0.737,umum
DVQhljTk4Z_,https://www.instagram.com/p/DVQhljTk4Z_/,pemkabgresik,pemkabgresik,netral,0.947,umum
DVQhljTk4Z_,https://www.instagram.com/p/DVQhljTk4Z_/,kominfogresik,kominfogresik,netral,0.944,umum
DVQhljTk4Z_,https://www.instagram.com/p/DVQhljTk4Z_/,kangguslan,kangguslan,positif,0.53,umum
DVQhljTk4Z_,https://www.instagram.com/p/DVQhljTk4Z_/,demu_sstudio,demu_sstudio,netral,0.99,umum
DVQhljTk4Z_,https://www.instagram.com/p/DVQhljTk4Z_/,dearnwn,dearnwn,positif,0.659,umum
DVQhljTk4Z_,https://www.instagram.com/p/DVQhljTk4Z_/,skyblue_xx,skyblue_xx,netral,0.984,umum
DVQhljTk4Z_,https://www.instagram.com/p/DVQhljTk4Z_/,abiidas,abiidas,negatif,0.962,umum
DVQhljTk4Z_,https://www.instagram.com/p/DVQhljTk4Z_/,sang_fajar_senja,sang_fajar_senja,netral,0.99,umum
DVQhljTk4Z_,https://www.instagram.com/p/DVQhljTk4Z_/,yuky_yuky,yuky_yuky,netral,0.992,umum
DVQhljTk4Z_,https://www.instagram.com/p/DVQhljTk4Z_/,maswijii,maswijii,positif,0.539,umum
DVQhljTk4Z_,https://www.instagram.com/p/DVQhljTk4Z_/,bilnabilahay,bilnabilahay,positif,0.771,umum
DEWKFiHTzBk,https://www.instagram.com/p/DEWKFiHTzBk/,wonggresik,wonggresik,netral,0.848,umum
DEWKFiHTzBk,https://www.instagram.com/p/DEWKFiHTzBk/,bobbyyy.dpradipta,bobbyyydpradipta,netral,0.943,umum
DEWKFiHTzBk,https://www.instagram.com/p/DEWKFiHTzBk/,arif_muf11,arif_muf11,netral,0.982,umum
DEWKFiHTzBk,https://www.instagram.com/p/DEWKFiHTzBk/,diantara_jingga_dan_kelabu,diantara_jingga_dan_kelabu,netral,0.773,umum
DEWKFiHTzBk,https://www.instagram.com/p/DEWKFiHTzBk/,pionase92,pionase92,negatif,0.689,umum
DEWKFiHTzBk,https://www.instagram.com/p/DEWKFiHTzBk/,firmansyah_a.97,firmansyah_a97,netral,0.987,umum
DEWKFiHTzBk,https://www.instagram.com/p/DEWKFiHTzBk/,rcris_701,rcris_701,netral,0.988,umum
DEWKFiHTzBk,https://www.instagram.com/p/DEWKFiHTzBk/,rezafahmi_18,rezafahmi_18,netral,0.989,umum
DEWKFiHTzBk,https://www.instagram.com/p/DEWKFiHTzBk/,mbah_gatra,mbah_gatra,netral,0.994,umum
DEWKFiHTzBk,https://www.instagram.com/p/DEWKFiHTzBk/,aroesh_uuyeee,aroesh_uuyeee,positif,0.606,umum
DEWKFiHTzBk,https://www.instagram.com/p/DEWKFiHTzBk/,rido.fairus.abdillah,ridofairusabdillah,positif,0.781,umum
DEWKFiHTzBk,https://www.instagram.com/p/DEWKFiHTzBk/,nyambekkecill_,nyambekkecill_,negatif,0.972,umum
DEWKFiHTzBk,https://www.instagram.com/p/DEWKFiHTzBk/,den.bagus_sajiwo_,denbagus_sajiwo_,netral,0.972,umum
DEWKFiHTzBk,https://www.instagram.com/p/DEWKFiHTzBk/,hakiftrni_,hakiftrni_,netral,0.771,umum
DEWKFiHTzBk,https://www.instagram.com/p/DEWKFiHTzBk/,suhardman,suhardman,netral,0.791,umum
DEWKFiHTzBk,https://www.instagram.com/p/DEWKFiHTzBk/,asnail_63,asnail_63,netral,0.968,umum
DEWKFiHTzBk,https://www.instagram.com/p/DEWKFiHTzBk/,e.r_tok,er_tok,netral,0.833,umum
DMEyd3KzhS7,https://www.instagram.com/p/DMEyd3KzhS7/,pemkabgresik,pemkabgresik,netral,0.947,umum
DMEyd3KzhS7,https://www.instagram.com/p/DMEyd3KzhS7/,kominfogresik,kominfogresik,netral,0.944,umum
DMEyd3KzhS7,https://www.instagram.com/p/DMEyd3KzhS7/,dedy_taufik,dedy_taufik,netral,0.988,umum
DMEyd3KzhS7,https://www.instagram.com/p/DMEyd3KzhS7/,karanganbunga.gresik__,karanganbungagresik__,netral,0.978,umum
DMEyd3KzhS7,https://www.instagram.com/p/DMEyd3KzhS7/,erni.jingjing,ernijingjing,negatif,0.981,umum
DMEyd3KzhS7,https://www.instagram.com/p/DMEyd3KzhS7/,vimaladevani,vimaladevani,netral,0.608,umum
DMEyd3KzhS7,https://www.instagram.com/p/DMEyd3KzhS7/,irenemartin969,irenemartin969,netral,0.844,umum
DMEyd3KzhS7,https://www.instagram.com/p/DMEyd3KzhS7/,abdurrozaqf,abdurrozaqf,netral,0.737,umum
DMEyd3KzhS7,https://www.instagram.com/p/DMEyd3KzhS7/,hakimpaw_,hakimpaw_,netral,0.46,umum
DMEyd3KzhS7,https://www.instagram.com/p/DMEyd3KzhS7/,diha16800,diha16800,netral,0.987,umum
DMEyd3KzhS7,https://www.instagram.com/p/DMEyd3KzhS7/,iamtheultras,iamtheultras,netral,0.928,umum
DMEyd3KzhS7,https://www.instagram.com/p/DMEyd3KzhS7/,mahardhika_setya,mahardhika_setya,netral,0.983,umum
DMEyd3KzhS7,https://www.instagram.com/p/DMEyd3KzhS7/,aliinoos.id,aliinoosid,positif,0.483,umum
DMEyd3KzhS7,https://www.instagram.com/p/DMEyd3KzhS7/,kajiibad,kajiibad,positif,0.776,umum
DMEyd3KzhS7,https://www.instagram.com/p/DMEyd3KzhS7/,yudiilaw,yudiilaw,positif,0.643,umum
DMEyd3KzhS7,https://www.instagram.com/p/DMEyd3KzhS7/,gresik_bahaya,gresik_bahaya,negatif,0.996,umum
DMEyd3KzhS7,https://www.instagram.com/p/DMEyd3KzhS7/,wawanhanyasatu,wawanhanyasatu,netral,0.753,umum
C0Le_s9JNP6,https://www.instagram.com/p/C0Le_s9JNP6/,info.disdukcapilgresik,infodisdukcapilgresik,netral,0.996,umum
C0Le_s9JNP6,https://www.instagram.com/p/C0Le_s9JNP6/,priscillamariading,priscillamariading,netral,0.757,umum
C0Le_s9JNP6,https://www.instagram.com/p/C0Le_s9JNP6/,verryprdna,verryprdna,netral,0.769,umum
C0Le_s9JNP6,https://www.instagram.com/p/C0Le_s9JNP6/,debi748,debi748,netral,0.822,umum
C0Le_s9JNP6,https://www.instagram.com/p/C0Le_s9JNP6/,gayabink_its,gayabink_its,netral,0.807,umum
C0Le_s9JNP6,https://www.instagram.com/p/C0Le_s9JNP6/,donmifta_,donmifta_,netral,0.923,umum
C0Le_s9JNP6,https://www.instagram.com/p/C0Le_s9JNP6/,ana.vincees,anavincees,positif,0.538,umum
C0Le_s9JNP6,https://www.instagram.com/p/C0Le_s9JNP6/,botensemerep,botensemerep,positif,0.497,umum
C0Le_s9JNP6,https://www.instagram.com/p/C0Le_s9JNP6/,putery.rachmawati,puteryrachmawati,netral,0.53,umum
C0Le_s9JNP6,https://www.instagram.com/p/C0Le_s9JNP6/,dwihenie,dwihenie,netral,0.651,umum
C0Le_s9JNP6,https://www.instagram.com/p/C0Le_s9JNP6/,sertap1985,sertap1985,netral,0.896,umum
C0Le_s9JNP6,https://www.instagram.com/p/C0Le_s9JNP6/,sega_woon,sega_woon,netral,0.928,umum
C0Le_s9JNP6,https://www.instagram.com/p/C0Le_s9JNP6/,indahyulianti1989,indahyulianti1989,netral,0.938,umum
C0Le_s9JNP6,https://www.instagram.com/p/C0Le_s9JNP6/,yunianiqotulwahdah,yunianiqotulwahdah,netral,0.732,umum
C0Le_s9JNP6,https://www.instagram.com/p/C0Le_s9JNP6/,setiaonearif,setiaonearif,positif,0.636,umum
DaUgJ0Bp0PH,https://www.instagram.com/p/DaUgJ0Bp0PH/,kominfogresik,kominfogresik,netral,0.944,umum
DaUgJ0Bp0PH,https://www.instagram.com/p/DaUgJ0Bp0PH/,mitrakaryabusana,mitrakaryabusana,netral,0.842,umum
DMfxiJQSLhl,https://www.instagram.com/p/DMfxiJQSLhl/,jawatimurpopuler,jawatimurpopuler,netral,0.571,umum
DMfxiJQSLhl,https://www.instagram.com/p/DMfxiJQSLhl/,riyanbesar,riyanbesar,positif,0.64,umum
DMfxiJQSLhl,https://www.instagram.com/p/DMfxiJQSLhl/,jokoprastio281,jokoprastio281,netral,0.987,umum
DMfxiJQSLhl,https://www.instagram.com/p/DMfxiJQSLhl/,pedi0441,pedi0441,netral,0.9,umum
DMfxiJQSLhl,https://www.instagram.com/p/DMfxiJQSLhl/,de.indra.lesmana,deindralesmana,netral,0.683,umum
DMfxiJQSLhl,https://www.instagram.com/p/DMfxiJQSLhl/,nouna_muda_novi,nouna_muda_novi,netral,0.992,umum
DMfxiJQSLhl,https://www.instagram.com/p/DMfxiJQSLhl/,novall.md,novallmd,positif,0.732,umum
DMfxiJQSLhl,https://www.instagram.com/p/DMfxiJQSLhl/,ngradp,ngradp,positif,0.623,umum
DMfxiJQSLhl,https://www.instagram.com/p/DMfxiJQSLhl/,iqbal_t_bin_mustafa,iqbal_t_bin_mustafa,netral,0.996,umum
DMfxiJQSLhl,https://www.instagram.com/p/DMfxiJQSLhl/,yudhakhfals,yudhakhfals,positif,0.599,umum
DMfxiJQSLhl,https://www.instagram.com/p/DMfxiJQSLhl/,nicko_hp,nicko_hp,netral,0.993,umum
DMfxiJQSLhl,https://www.instagram.com/p/DMfxiJQSLhl/,stealt_45,stealt_45,netral,0.961,umum
DMfxiJQSLhl,https://www.instagram.com/p/DMfxiJQSLhl/,userhpl2805,userhpl2805,netral,0.976,umum
DMfxiJQSLhl,https://www.instagram.com/p/DMfxiJQSLhl/,wahyudi__weee,wahyudi__weee,positif,0.691,umum
DMfxiJQSLhl,https://www.instagram.com/p/DMfxiJQSLhl/,gpes_channel_id,gpes_channel_id,netral,0.991,umum
B3s02TkpBJ5,https://www.instagram.com/p/B3s02TkpBJ5/,infogresik,infogresik,netral,0.981,umum
B3s02TkpBJ5,https://www.instagram.com/p/B3s02TkpBJ5/,bagasbull,bagasbull,positif,0.948,umum
B3s02TkpBJ5,https://www.instagram.com/p/B3s02TkpBJ5/,april_neli,april_neli,netral,0.982,umum
B3s02TkpBJ5,https://www.instagram.com/p/B3s02TkpBJ5/,widyasdwisandy,widyasdwisandy,netral,0.721,umum
B3s02TkpBJ5,https://www.instagram.com/p/B3s02TkpBJ5/,oktavikaa,oktavikaa,netral,0.635,umum
B3s02TkpBJ5,https://www.instagram.com/p/B3s02TkpBJ5/,mahbub_dz,mahbub_dz,netral,0.954,umum
B3s02TkpBJ5,https://www.instagram.com/p/B3s02TkpBJ5/,dimaz_aditz,dimaz_aditz,netral,0.988,umum
B3s02TkpBJ5,https://www.instagram.com/p/B3s02TkpBJ5/,mas_di4n,mas_di4n,netral,0.993,umum
B3s02TkpBJ5,https://www.instagram.com/p/B3s02TkpBJ5/,nofalhenri,nofalhenri,positif,0.637,umum
B3s02TkpBJ5,https://www.instagram.com/p/B3s02TkpBJ5/,muhammad_fa_ilham,muhammad_fa_ilham,netral,0.991,umum
B3s02TkpBJ5,https://www.instagram.com/p/B3s02TkpBJ5/,albimazkha1,albimazkha1,netral,0.749,umum
B3s02TkpBJ5,https://www.instagram.com/p/B3s02TkpBJ5/,rizkyreal_234,rizkyreal_234,netral,0.988,umum
B3s02TkpBJ5,https://www.instagram.com/p/B3s02TkpBJ5/,elyanah_1927,elyanah_1927,netral,0.956,umum
B3s02TkpBJ5,https://www.instagram.com/p/B3s02TkpBJ5/,haddiii_88,haddiii_88,netral,0.724,umum
DZWUzFJSymY,https://www.instagram.com/p/DZWUzFJSymY/,cabdin.gresik,cabdingresik,positif,0.5,umum
