nama,kategori,rating,jumlah_ulasan,tipe,alamat,telepon,website,latitude,longitude,url_maps,diambil_pada
ATM BRI,atm,"4,3",,,,,,,,https://www.google.com/maps/place/ATM+BRI/data=!4m7!3m6!1s0x2e77fffd7bd23191:0xa31c60fa8d9c6d00!8m2!3d-7.1610946!4d112.6157796!16s%2Fg%2F11f632qmtv!19sChIJkTHSe_3_dy4RAG2cjfpgHKM?authuser=0&hl=id&rclk=1,2026-07-17 14:58
Bank BRI CRM - BRI UNIT KEMBANGAN,atm,,,,,(021) 14017,https://bri.co.id/,,,https://www.google.com/maps/place/Bank+BRI+CRM+-+BRI+UNIT+KEMBANGAN/data=!4m7!3m6!1s0x2dd801d247218c2b:0xcc5593c3d07f3505!8m2!3d-7.1734214!4d112.6210013!16s%2Fg%2F11rtgk1yrs!19sChIJK4whR9IB2C0RBTV_0MOTVcw?authuser=0&hl=id&rclk=1,2026-07-17 14:58
Bank Bri,atm,"5,0",,,,,https://bri.co.id/,,,https://www.google.com/maps/place/Bank+Bri/data=!4m7!3m6!1s0x2dd8000ab97000f7:0x38482a46fc3f6d3c!8m2!3d-7.173428!4d112.6210268!16s%2Fg%2F11n__6jw87!19sChIJ9wBwuQoA2C0RPG0__EYqSDg?authuser=0&hl=id&rclk=1,2026-07-17 14:58
Bank BRI ATM - GRESS MALL GRESIK,atm,,,,,(021) 14017,https://bri.co.id/,,,https://www.google.com/maps/place/Bank+BRI+ATM+-+GRESS+MALL+GRESIK/data=!4m7!3m6!1s0x2e77ff3792ab4bdf:0xa09a2c3b81fe20fd!8m2!3d-7.157879!4d112.6164473!16s%2Fg%2F11sqkhhfkc!19sChIJ30urkjf_dy4R_SD-gTssmqA?authuser=0&hl=id&rclk=1,2026-07-17 14:58
ATM BANK BRI,atm,"5,0",,,,,,,,https://www.google.com/maps/place/ATM+BANK+BRI/data=!4m7!3m6!1s0x2dd8006a216e98f7:0xcf023156c28d46a3!8m2!3d-7.1666207!4d112.6418335!16s%2Fg%2F11b6g8k_wj!19sChIJ95huIWoA2C0Ro0aNwlYxAs8?authuser=0&hl=id&rclk=1,2026-07-17 14:58
BANK BRI Unit Kartini,atm,"3,3",,,,(021) 1500017,,,,https://www.google.com/maps/place/BANK+BRI+Unit+Kartini/data=!4m7!3m6!1s0x2dd800684af4ee2b:0xfec0208d3d0672ad!8m2!3d-7.1637319!4d112.6422785!16s%2Fg%2F11btms085c!19sChIJK-70SmgA2C0RrXIGPY0gwP4?authuser=0&hl=id&rclk=1,2026-07-17 14:58
Bank BRI ATM - KAWASAN INDUSTRI GRESIK,atm,,,,,(021) 14017,https://bri.co.id/,,,https://www.google.com/maps/place/Bank+BRI+ATM+-+KAWASAN+INDUSTRI+GRESIK/data=!4m7!3m6!1s0x2dd8010c64b28ef9:0x5347385dccc16da8!8m2!3d-7.158676!4d112.635771!16s%2Fg%2F11pzyjkxp0!19sChIJ-Y6yZAwB2C0RqG3BzF04R1M?authuser=0&hl=id&rclk=1,2026-07-17 14:58
BRI Cabang Gresik,atm,"2,5",,,,(021) 14017,https://bri.co.id/,,,https://www.google.com/maps/place/BRI+Cabang+Gresik/data=!4m7!3m6!1s0x2dd80144bc08a49f:0xae6ed4c6188d4340!8m2!3d-7.1651017!4d112.6550554!16s%2Fg%2F11pyzqtycx!19sChIJn6QIvEQB2C0RQEONGMbUbq4?authuser=0&hl=id&rclk=1,2026-07-17 14:59
Bank BRI ATM - UNIT KEMBANGAN GRESIK,atm,,,,,(021) 14017,https://bri.co.id/,,,https://www.google.com/maps/place/Bank+BRI+ATM+-+UNIT+KEMBANGAN+GRESIK/data=!4m7!3m6!1s0x2e77ffd77d680325:0xf40be4d15f977d06!8m2!3d-7.1848505!4d112.6157357!16s%2Fg%2F11pzykffsh!19sChIJJQNofdf_dy4RBn2XX9HkC_Q?authuser=0&hl=id&rclk=1,2026-07-17 14:59
Bank BRI KCP Gresik,atm,"3,5",,,,1 500 017,,,,https://www.google.com/maps/place/Bank+BRI+KCP+Gresik/data=!4m7!3m6!1s0x2dd80041af4d6ea1:0xa488a647d7123900!8m2!3d-7.1673142!4d112.6439702!16s%2Fg%2F1pzpyfm9k!19sChIJoW5Nr0EA2C0RADkS10emiKQ?authuser=0&hl=id&rclk=1,2026-07-17 14:59
Agen Brilink Arjuno,atm,,,,,,,,,https://www.google.com/maps/place/Agen+Brilink+Arjuno/data=!4m7!3m6!1s0x2e77ff372cd1c31f:0x323a26f9db3af8cd!8m2!3d-7.1684224!4d112.6185694!16s%2Fg%2F11gk0490rs!19sChIJH8PRLDf_dy4Rzfg62_kmOjI?authuser=0&hl=id&rclk=1,2026-07-17 14:59
BANK BRI ATM,atm,"3,7",,,,,,,,https://www.google.com/maps/place/BANK+BRI+ATM/data=!4m7!3m6!1s0x2dd800381e40ac21:0x8491d4476d202f98!8m2!3d-7.1717885!4d112.6554531!16s%2Fg%2F11b6dp2rlx!19sChIJIaxAHjgA2C0RmC8gbUfUkYQ?authuser=0&hl=id&rclk=1,2026-07-17 14:59
Bank BRI ATM - ICON MALL GRESIK,atm,,,,,(021) 14017,https://bri.co.id/,,,https://www.google.com/maps/place/Bank+BRI+ATM+-+ICON+MALL+GRESIK/data=!4m7!3m6!1s0x2e77ff940cb5a1a5:0x3fd065f97e2e8686!8m2!3d-7.166593!4d112.601615!16s%2Fg%2F11sqkjjxs7!19sChIJpaG1DJT_dy4RhoYufvll0D8?authuser=0&hl=id&rclk=1,2026-07-17 14:59
Bank BRI ATM - UNIT BRI KARTINI,atm,,,,,(021) 14017,https://bri.co.id/,,,https://www.google.com/maps/place/Bank+BRI+ATM+-+UNIT+BRI+KARTINI/data=!4m7!3m6!1s0x2dd801a5a5b89f4f:0x1a91b27c3e302dc!8m2!3d-7.1638335!4d112.6421101!16s%2Fg%2F11rqz2dfyq!19sChIJT5-4paUB2C0R3ALjwycbqQE?authuser=0&hl=id&rclk=1,2026-07-17 14:59
ATM BRI RSSG,atm,"5,0",,,,,,,,https://www.google.com/maps/place/ATM+BRI+RSSG/data=!4m7!3m6!1s0x2dd8006a21130667:0x9d0bd00e615c0289!8m2!3d-7.1667485!4d112.641966!16s%2Fg%2F11dxq__0cd!19sChIJZwYTIWoA2C0RiQJcYQ7QC50?authuser=0&hl=id&rclk=1,2026-07-17 14:59
Agen Brilink,atm,"4,4",7,,,,,,,https://www.google.com/maps/place/Agen+Brilink/data=!4m7!3m6!1s0x2e77ffe0bef6554d:0x9c148782fe58079e!8m2!3d-7.1751955!4d112.6128922!16s%2Fg%2F11jjl_vr79!19sChIJTVX2vuD_dy4RngdY_oKHFJw?authuser=0&hl=id&rclk=1,2026-07-17 14:59
Bank BRI ATM - PONDOK PERMATA SUCI,atm,"5,0",2,,,(021) 14017,https://bri.co.id/,,,https://www.google.com/maps/place/Bank+BRI+ATM+-+PONDOK+PERMATA+SUCI/data=!4m7!3m6!1s0x2e77ff7a0b161853:0x5891fdedafb98ff8!8m2!3d-7.1523958!4d112.5967854!16s%2Fg%2F11pzyk8r6l!19sChIJUxgWC3r_dy4R-I-5r-39kVg?authuser=0&hl=id&rclk=1,2026-07-17 14:59
Bank BRI ATM - INDOMARET KEDANYANG,atm,,,,,(021) 14017,https://bri.co.id/,,,https://www.google.com/maps/place/Bank+BRI+ATM+-+INDOMARET+KEDANYANG/data=!4m7!3m6!1s0x2e77ff41040524ff:0x2aea6702f4caf5b5!8m2!3d-7.1856243!4d112.6156753!16s%2Fg%2F11rqz3z_7n!19sChIJ_yQFBEH_dy4RtfXK9AJn6io?authuser=0&hl=id&rclk=1,2026-07-17 14:59
Bank BRI ATM - PT PCS GRESIK,atm,"5,0",3,,,(021) 14017,https://bri.co.id/,,,https://www.google.com/maps/place/Bank+BRI+ATM+-+PT+PCS+GRESIK/data=!4m7!3m6!1s0x2e77e3597c67527b:0x9c7f16f544853907!8m2!3d-7.1436059!4d112.6289671!16s%2Fg%2F11sqkhr044!19sChIJe1JnfFnjdy4RBzmFRPUWf5w?authuser=0&hl=id&rclk=1,2026-07-17 14:59
Bank BRI CRM - KCP GRESIK KOTA,atm,,,,,(021) 14017,https://bri.co.id/,,,https://www.google.com/maps/place/Bank+BRI+CRM+-+KCP+GRESIK+KOTA/data=!4m7!3m6!1s0x2dd801c6c8e56531:0xe60b9876add85052!8m2!3d-7.1671198!4d112.6441008!16s%2Fg%2F11sqkhwh92!19sChIJMWXlyMYB2C0RUlDYrXaYC-Y?authuser=0&hl=id&rclk=1,2026-07-17 14:59
ATM BCA Alfamart Kembangan,atm,"4,6",7,,,(021) 1500888,http://www.bca.co.id/,,,https://www.google.com/maps/place/ATM+BCA+Alfamart+Kembangan/data=!4m7!3m6!1s0x2e77ffc4f1c36a35:0x64238f1c996fbdad!8m2!3d-7.1667701!4d112.6056157!16s%2Fg%2F11b769w3tw!19sChIJNWrD8cT_dy4Rrb1vmRyPI2Q?authuser=0&hl=id&rclk=1,2026-07-17 14:59
Bank BRI Unit Sukomulyo Agung,atm,"3,1",17,,,1 500 017,,,,https://www.google.com/maps/place/Bank+BRI+Unit+Sukomulyo+Agung/data=!4m7!3m6!1s0x2e77fe26d62c6ccb:0x878bb242017afb87!8m2!3d-7.1381028!4d112.6168416!16s%2Fg%2F11b6g9kqck!19sChIJy2ws1ib-dy4Rh_t6AUKyi4c?authuser=0&hl=id&rclk=1,2026-07-17 14:59
Agen Brilink Toko Puspita,atm,"4,5",2,,,,,,,https://www.google.com/maps/place/Agen+Brilink+Toko+Puspita/data=!4m7!3m6!1s0x2dd8012c97bfe6f1:0x2762d5aa3123221d!8m2!3d-7.158108!4d112.6257835!16s%2Fg%2F11gxs5_s4l!19sChIJ8ea_lywB2C0RHSIjMarVYic?authuser=0&hl=id&rclk=1,2026-07-17 14:59
ATM BRI Indomaret,atm,,,,,,,,,https://www.google.com/maps/place/ATM+BRI+Indomaret/data=!4m7!3m6!1s0x2dd80058c48bb00f:0x2b9f86e9c89d9edd!8m2!3d-7.1527683!4d112.6506869!16s%2Fg%2F11b6dp9w16!19sChIJD7CLxFgA2C0R3Z6dyOmGnys?authuser=0&hl=id&rclk=1,2026-07-17 15:00
Agen Brilink Toko Dian Berkah,atm,,,,,,,,,https://www.google.com/maps/place/Agen+Brilink+Toko+Dian+Berkah/data=!4m7!3m6!1s0x2dd801142f0d49e7:0x823bee1ad58a7905!8m2!3d-7.1607775!4d112.6228227!16s%2Fg%2F11f7r4d12r!19sChIJ50kNLxQB2C0RBXmK1RruO4I?authuser=0&hl=id&rclk=1,2026-07-17 15:00
Atm Bri,atm,"1,0",1,,,,https://bri.co.id/,,,https://www.google.com/maps/place/Atm+Bri/data=!4m7!3m6!1s0x2dd80056c9923d13:0xe968750b0c3c37ea!8m2!3d-7.1551785!4d112.6599777!16s%2Fg%2F11c6sn69rc!19sChIJEz2SyVYA2C0R6jc8DAt1aOk?authuser=0&hl=id&rclk=1,2026-07-17 15:00
AGEN BRILink ERMUAJI,atm,"4,0",4,,,0813-3018-4980,,,,https://www.google.com/maps/place/AGEN+BRILink+ERMUAJI/data=!4m7!3m6!1s0x2e77ff23dc287f99:0xbb755e1260d89aa2!8m2!3d-7.1591367!4d112.6185299!16s%2Fg%2F11gjm3ktp8!19sChIJmX8o3CP_dy4RoprYYBJedbs?authuser=0&hl=id&rclk=1,2026-07-17 15:00
Bank BRI Unit Multiplaza,atm,"4,0",5,,,1 500 017,https://bri.co.id/,,,https://www.google.com/maps/place/Bank+BRI+Unit+Multiplaza/data=!4m7!3m6!1s0x2dd8005f52124d57:0xd8b12bce0bd0b243!8m2!3d-7.15161!4d112.64937!16s%2Fg%2F11b6g8ty2_!19sChIJV00SUl8A2C0RQ7LQC84rsdg?authuser=0&hl=id&rclk=1,2026-07-17 15:00
AGEN BRILink HERI SAIFUDIN (TOKO BANGKA),atm,,,,,0812-3249-464,,,,https://www.google.com/maps/place/AGEN+BRILink+HERI+SAIFUDIN+%28TOKO+BANGKA%29/data=!4m7!3m6!1s0x2e77ff33a00b547d:0x1f6d899a23faece0!8m2!3d-7.1561178!4d112.6150531!16s%2Fg%2F11gjj99z6n!19sChIJfVQLoDP_dy4R4Oz6I5qJbR8?authuser=0&hl=id&rclk=1,2026-07-17 15:00
AGEN BRILink AIR RAHMAT,atm,"5,0",1,,,0838-3231-0200,,,,https://www.google.com/maps/place/AGEN+BRILink+AIR+RAHMAT/data=!4m7!3m6!1s0x2dd8010781146405:0x952285929a26ddc9!8m2!3d-7.1628417!4d112.6280286!16s%2Fg%2F11gjm3qsrc!19sChIJBWQUgQcB2C0Ryd0mmpKFIpU?authuser=0&hl=id&rclk=1,2026-07-17 15:00
Agen Brilink Hudiyono,atm,"4,5",2,,,,,,,https://www.google.com/maps/place/Agen+Brilink+Hudiyono/data=!4m7!3m6!1s0x2e77fffc1cef2285:0x5ac4fc650916534c!8m2!3d-7.1846778!4d112.6130732!16s%2Fg%2F11g1twm6rh!19sChIJhSLvHPz_dy4RTFMWCWX8xFo?authuser=0&hl=id&rclk=1,2026-07-17 15:00
Agen Brilink Rosyid,atm,"5,0",1,,,,,,,https://www.google.com/maps/place/Agen+Brilink+Rosyid/data=!4m7!3m6!1s0x2dd8014bc73bd469:0x6e2e590cc1cc1a4c!8m2!3d-7.1772607!4d112.6336128!16s%2Fg%2F11f7jrxvn7!19sChIJadQ7x0sB2C0RTBrMwQxZLm4?authuser=0&hl=id&rclk=1,2026-07-17 15:00
AGEN BRILink FAUZIYAH,atm,"5,0",1,,,0813-5780-8592,,,,https://www.google.com/maps/place/AGEN+BRILink+FAUZIYAH/data=!4m7!3m6!1s0x2e77ff6ae38669fd:0xc70e133042656501!8m2!3d-7.1807751!4d112.6158734!16s%2Fg%2F11f6z3hq8p!19sChIJ_WmG42r_dy4RAWVlQjATDsc?authuser=0&hl=id&rclk=1,2026-07-17 15:00
Bank BRI CRM - UNIT MULTI PLAZA,atm,,,,,1 500 017,https://bri.co.id/,,,https://www.google.com/maps/place/Bank+BRI+CRM+-+UNIT+MULTI+PLAZA/data=!4m7!3m6!1s0x2dd8011b5fe05275:0x6a40d1529b6ca01f!8m2!3d-7.151423!4d112.649426!16s%2Fg%2F11sqkjl3ws!19sChIJdVLgXxsB2C0RH6Bsm1LRQGo?authuser=0&hl=id&rclk=1,2026-07-17 15:00
Bank BRI ATM - INDOMARET PONGANGAN,atm,,,,,(021) 14017,https://bri.co.id/,,,https://www.google.com/maps/place/Bank+BRI+ATM+-+INDOMARET+PONGANGAN/data=!4m7!3m6!1s0x2e77ff000b7a34ef:0x7d153191adcc6c85!8m2!3d-7.1417214!4d112.6103092!16s%2Fg%2F11sqkhqfyx!19sChIJ7zR6CwD_dy4RhWzMrZExFX0?authuser=0&hl=id&rclk=1,2026-07-17 15:00
Teras Bri,atm,"1,0",1,,,(031) 3981362,,,,https://www.google.com/maps/place/Teras+Bri/data=!4m7!3m6!1s0x2dd80058fa1c6ad5:0x9016c6ff9cd8e1c9!8m2!3d-7.1528848!4d112.6519052!16s%2Fg%2F11b6gcb9d6!19sChIJ1Woc-lgA2C0RyeHYnP_GFpA?authuser=0&hl=id&rclk=1,2026-07-17 15:00
Galeri ATM,atm,"4,9",7,,,,,,,https://www.google.com/maps/place/Galeri+ATM/data=!4m7!3m6!1s0x2e77fe356a796201:0x62d7541b21a17e0a!8m2!3d-7.1523874!4d112.5967385!16s%2Fg%2F11b6d24cds!19sChIJAWJ5ajX-dy4RCn6hIRtU12I?authuser=0&hl=id&rclk=1,2026-07-17 15:00
AGEN BRILink Rimba Barokah,atm,"5,0",1,,,,,,,https://www.google.com/maps/place/AGEN+BRILink+Rimba+Barokah/data=!4m7!3m6!1s0x2e77ffe8136bde45:0xdd9743ae78ead7f9!8m2!3d-7.1863565!4d112.6116916!16s%2Fg%2F11gky7wnw0!19sChIJRd5rE-j_dy4R-dfqeK5Dl90?authuser=0&hl=id&rclk=1,2026-07-17 15:00
ATM BNI GIANT GKB,atm,"5,0",3,,,(021) 57899999,http://www.bni.co.id/,,,https://www.google.com/maps/place/ATM+BNI+GIANT+GKB/data=!4m7!3m6!1s0x2e77fe29493b66d5:0x3fa459481119ab0c!8m2!3d-7.1462073!4d112.6149849!16s%2Fg%2F11b5wqjtt9!19sChIJ1WY7SSn-dy4RDKsZEUhZpD8?authuser=0&hl=id&rclk=1,2026-07-17 15:00
Bank BRI ATM - UNIT BRI MANYAR GRESIK,atm,,,,,(021) 14017,https://bri.co.id/,,,https://www.google.com/maps/place/Bank+BRI+ATM+-+UNIT+BRI+MANYAR+GRESIK/data=!4m7!3m6!1s0x2e77ff5fdb46de71:0x80dc1b0d15541268!8m2!3d-7.1215538!4d112.6030702!16s%2Fg%2F11pzyjsslt!19sChIJcd5G21__dy4RaBJUFQ0b3IA?authuser=0&hl=id&rclk=1,2026-07-17 15:01
Bank BRI UNIT Manyar Gresik,atm,"3,5",24,,,(031) 3952424,https://bri.co.id/,,,https://www.google.com/maps/place/Bank+BRI+UNIT+Manyar+Gresik/data=!4m7!3m6!1s0x2e77fe0e68ced3e1:0xc55d8acd0e79c588!8m2!3d-7.1215301!4d112.6031518!16s%2Fg%2F11cmzhn84w!19sChIJ4dPOaA7-dy4RiMV5Ds2KXcU?authuser=0&hl=id&rclk=1,2026-07-17 15:01
AGEN BRILink NAFSIYAH,atm,"4,5",6,,,0851-0128-5923,,,,https://www.google.com/maps/place/AGEN+BRILink+NAFSIYAH/data=!4m7!3m6!1s0x2dd8016cb93e054f:0x45ae3eb8eddbd474!8m2!3d-7.1671876!4d112.6540537!16s%2Fg%2F11f7nk_8zf!19sChIJTwU-uWwB2C0RdNTb7bg-rkU?authuser=0&hl=id&rclk=1,2026-07-17 15:01
ATM Bank Syariah Indonesia,atm,"5,0",8,,,,,,,https://www.google.com/maps/place/ATM+Bank+Syariah+Indonesia/data=!4m7!3m6!1s0x2dd80041a56e8737:0x9f93f4a301e0a57a!8m2!3d-7.1681808!4d112.6460944!16s%2Fg%2F11b6gdyjpx!19sChIJN4dupUEA2C0ReqXgAaP0k58?authuser=0&hl=id&rclk=1,2026-07-17 15:01
kios ATM,atm,"3,0",2,,,,,,,https://www.google.com/maps/place/kios+ATM/data=!4m7!3m6!1s0x2dd80137b5b799c7:0xe47eaab23d2cf056!8m2!3d-7.1436967!4d112.6290405!16s%2Fg%2F11v11x5frl!19sChIJx5m3tTcB2C0RVvAsPbKqfuQ?authuser=0&hl=id&rclk=1,2026-07-17 15:01
Agen BRILink FIRSYA COLLECTION,atm,"5,0",1,,,,,,,https://www.google.com/maps/place/Agen+BRILink+FIRSYA+COLLECTION/data=!4m7!3m6!1s0x2dd801cea7a1a75f:0x7ec1e969ccd5ccf1!8m2!3d-7.1688031!4d112.6585705!16s%2Fg%2F11gyc9gbsl!19sChIJX6ehp84B2C0R8czVzGnpwX4?authuser=0&hl=id&rclk=1,2026-07-17 15:01
Warug kopi Coklat & BRILINK,atm,"5,0",1,,,0822-5758-8092,,,,https://www.google.com/maps/place/Warug+kopi+Coklat+%26+BRILINK/data=!4m7!3m6!1s0x2dd8017bdd3d97e1:0x46dec68505ccda21!8m2!3d-7.1432987!4d112.6283609!16s%2Fg%2F11n13863nk!19sChIJ4Zc93XsB2C0RIdrMBYXG3kY?authuser=0&hl=id&rclk=1,2026-07-17 15:01
AGEN BRILink PKPRI KABUPATEN GRESIK,atm,,,,,0858-5956-3735,,,,https://www.google.com/maps/place/AGEN+BRILink+PKPRI+KABUPATEN+GRESIK/data=!4m7!3m6!1s0x2dd801e64a99aaab:0x78f958c490a6b15!8m2!3d-7.1637936!4d112.6426988!16s%2Fg%2F11f70_3gps!19sChIJq6qZSuYB2C0RFWsKSYyVjwc?authuser=0&hl=id&rclk=1,2026-07-17 15:01
ATM Bank BTN,atm,"5,0",2,,,,http://www.btn.co.id/,,,https://www.google.com/maps/place/ATM+Bank+BTN/data=!4m7!3m6!1s0x2dd80050a51217c9:0x813c6d4583b6792e!8m2!3d-7.1565947!4d112.656156!16s%2Fg%2F11b7q631xh!19sChIJyRcSpVAA2C0RLnm2g0VtPIE?authuser=0&hl=id&rclk=1,2026-07-17 15:01
AGEN BRILink KOPERASI MIFTAHUL HUDA,atm,,,,,0857-3009-7586,,,,https://www.google.com/maps/place/AGEN+BRILink+KOPERASI+MIFTAHUL+HUDA/data=!4m7!3m6!1s0x2e77ffe556f7ee13:0x510770f2bfc0f9f3!8m2!3d-7.1631828!4d112.5895089!16s%2Fg%2F11g19yjqqg!19sChIJE-73VuX_dy4R8_nAv_JwB1E?authuser=0&hl=id&rclk=1,2026-07-17 15:01
ATM - KK RS. PETROKIMIA GRESIK,atm,,,,,(021) 14017,https://bri.co.id/,,,https://www.google.com/maps/place/ATM+-+KK+RS.+PETROKIMIA+GRESIK/data=!4m7!3m6!1s0x2dd8018ee314e201:0x526e2de30131c1ff!8m2!3d-7.1591398!4d112.6434643!16s%2Fg%2F11sqkh7nt1!19sChIJAeIU444B2C0R_8ExAeMtblI?authuser=0&hl=id&rclk=1,2026-07-17 15:01
ATM Muamalat PT. Barata Indonesia,atm,"5,0",1,,,(021) 0500016,,,,https://www.google.com/maps/place/ATM+Muamalat+PT.+Barata+Indonesia/data=!4m7!3m6!1s0x2dd8002355ab08fb:0x6ed1387cde19cbe9!8m2!3d-7.1913556!4d112.6465062!16s%2Fg%2F1ydp6kj5r!19sChIJ-wirVSMA2C0R6csZ3nw40W4?authuser=0&hl=id&rclk=1,2026-07-17 15:01
AGEN BRILink STUDIO WARKOP,atm,,,,,0851-0576-2112,,,,https://www.google.com/maps/place/AGEN+BRILink+STUDIO+WARKOP/data=!4m7!3m6!1s0x2dd80108e61b9b37:0xe2d5855d8cf14414!8m2!3d-7.1514244!4d112.6493796!16s%2Fg%2F11g19yhz_p!19sChIJN5sb5ggB2C0RFETxjF2F1eI?authuser=0&hl=id&rclk=1,2026-07-17 15:01
Agen BRI LINK Rubyati,atm,"5,0",4,,,0812-3200-2870,,,,https://www.google.com/maps/place/Agen+BRI+LINK+Rubyati/data=!4m7!3m6!1s0x2dd8010c503a8075:0xbe27075903729c8c!8m2!3d-7.1793238!4d112.6601845!16s%2Fg%2F11gjzm6rh4!19sChIJdYA6UAwB2C0RjJxyA1kHJ74?authuser=0&hl=id&rclk=1,2026-07-17 15:01
ATM BRI Indomaret Cerme,atm,,,,,(021) 14017,https://bri.co.id/,,,https://www.google.com/maps/place/ATM+BRI+Indomaret+Cerme/data=!4m7!3m6!1s0x2e7801931188dbf7:0xb9aa7ff4cf7127fd!8m2!3d-7.2271017!4d112.567988!16s%2Fg%2F11rpfsl7m4!19sChIJ99uIEZMBeC4R_Sdxz_R_qrk?authuser=0&hl=id&rclk=1,2026-07-17 15:01
Bank BRI ATM - UNIT BRI CERME,atm,"4,4",13,,,(021) 14017,https://bri.co.id/,,,https://www.google.com/maps/place/Bank+BRI+ATM+-+UNIT+BRI+CERME/data=!4m7!3m6!1s0x2e7801539a671827:0x3242c5876f2da6b7!8m2!3d-7.2298993!4d112.5682009!16s%2Fg%2F11pzykxkgb!19sChIJJxhnmlMBeC4Rt6Ytb4fFQjI?authuser=0&hl=id&rclk=1,2026-07-17 15:02
Teras Pasar BRI Cerme,atm,"5,0",3,,,1 500 017,,,,https://www.google.com/maps/place/Teras+Pasar+BRI+Cerme/data=!4m7!3m6!1s0x2e7801ae40c5b7bd:0xe28c9d039f54bf82!8m2!3d-7.2271843!4d112.5644415!16s%2Fg%2F11f34577sb!19sChIJvbfFQK4BeC4Rgr9UnwOdjOI?authuser=0&hl=id&rclk=1,2026-07-17 15:02
ATM BNI PERUM GKA,atm,"4,5",6,,,(021) 57899999,http://www.bni.co.id/,,,https://www.google.com/maps/place/ATM+BNI+PERUM+GKA/data=!4m7!3m6!1s0x2e77ffd76978b795:0xe9218e6e7319b3c2!8m2!3d-7.1619002!4d112.6154186!16s%2Fg%2F11b5wjv8n1!19sChIJlbd4adf_dy4RwrMZc26OIek?authuser=0&hl=id&rclk=1,2026-07-17 15:02
ATM BNI,atm,"5,0",2,,,0857-0790-9324,http://www.bni.co.id/,,,https://www.google.com/maps/place/ATM+BNI/data=!4m7!3m6!1s0x2e77ffd7697bb499:0x8734c4b168f88843!8m2!3d-7.161939!4d112.615612!16s%2Fg%2F11b7693hh7!19sChIJmbR7adf_dy4RQ4j4aLHENIc?authuser=0&hl=id&rclk=1,2026-07-17 15:02
ATM BNI 46,atm,"2,7",3,,,,http://www.bni.co.id/,,,https://www.google.com/maps/place/ATM+BNI+46/data=!4m7!3m6!1s0x2dd80079c6b1bcf7:0xe4e77508520c6173!8m2!3d-7.161442!4d112.6239267!16s%2Fg%2F11b76d7llc!19sChIJ97yxxnkA2C0Rc2EMUgh15-Q?authuser=0&hl=id&rclk=1,2026-07-17 15:02
ATM BNI SPBU WAHIDIN SUDIRO HUSODO,atm,"4,5",4,,,1 500 046,http://www.bni.co.id/,,,https://www.google.com/maps/place/ATM+BNI+SPBU+WAHIDIN+SUDIRO+HUSODO/data=!4m7!3m6!1s0x2dd8006fa9fb2491:0x91006c8266142a48!8m2!3d-7.16295!4d112.6332055!16s%2Fg%2F11b5wl5wtr!19sChIJkST7qW8A2C0RSCoUZoJsAJE?authuser=0&hl=id&rclk=1,2026-07-17 15:02
Bni wonrd Bank,atm,"4,2",5,,,0816-552-115,https://us05web.zoom.us/google_oauth_signin,,,https://www.google.com/maps/place/Bni+wonrd+Bank/data=!4m7!3m6!1s0x2e77ffc6b00769f5:0x2f061606bdf8ba6c!8m2!3d-7.1679784!4d112.6012566!16s%2Fg%2F1pzstqbjs!19sChIJ9WkHsMb_dy4RbLr4vQYWBi8?authuser=0&hl=id&rclk=1,2026-07-17 15:02
ATM BNI Rest Area Kebomas,atm,"5,0",2,,,,,,,https://www.google.com/maps/place/ATM+BNI+Rest+Area+Kebomas/data=!4m7!3m6!1s0x2e77ffbb96898b9d:0xe70db7bd4fab4937!8m2!3d-7.1832409!4d112.6135088!16s%2Fg%2F11g0_lxb3d!19sChIJnYuJlrv_dy4RN0mrT723Dec?authuser=0&hl=id&rclk=1,2026-07-17 15:02
ATM BNI KLN JL.KARTINI,atm,"5,0",1,,,(021) 57899999,http://www.bni.co.id/,,,https://www.google.com/maps/place/ATM+BNI+KLN+JL.KARTINI/data=!4m7!3m6!1s0x2dd80040e7398f81:0x297a33bbcce5df11!8m2!3d-7.1687357!4d112.6477873!16s%2Fg%2F11b5pl68ym!19sChIJgY8550AA2C0REd_lzLszeik?authuser=0&hl=id&rclk=1,2026-07-17 15:02
ATM BNI SPBU,atm,"5,0",2,,,,,,,https://www.google.com/maps/place/ATM+BNI+SPBU/data=!4m7!3m6!1s0x2e77ff94c48dd935:0xdc46714a0265fd41!8m2!3d-7.1486628!4d112.6022794!16s%2Fg%2F11ghqc32sk!19sChIJNdmNxJT_dy4RQf1lAkpxRtw?authuser=0&hl=id&rclk=1,2026-07-17 15:02
ATM BNI Setor Tunai,atm,"4,3",3,,,,,,,https://www.google.com/maps/place/ATM+BNI+Setor+Tunai/data=!4m7!3m6!1s0x2dd800386436a7ff:0xa2e6b6d1242f1f8f!8m2!3d-7.1718153!4d112.6531629!16s%2Fg%2F11b76b221p!19sChIJ_6c2ZDgA2C0Rjx8vJNG25qI?authuser=0&hl=id&rclk=1,2026-07-17 15:02
BNI PETROKIMIA GRESIK,atm,"4,1",40,,,(031) 3983896,,,,https://www.google.com/maps/place/BNI+PETROKIMIA+GRESIK/data=!4m7!3m6!1s0x2dd8005d7e51fabb:0x91fba8f1d3e10c54!8m2!3d-7.1572365!4d112.640006!16s%2Fg%2F1q67p0vc1!19sChIJu_pRfl0A2C0RVAzh0_Go-5E?authuser=0&hl=id&rclk=1,2026-07-17 15:02
ATM BNI PASAR GRESIK,atm,"4,3",8,,,(021) 57899999,http://www.bni.co.id/,,,https://www.google.com/maps/place/ATM+BNI+PASAR+GRESIK/data=!4m7!3m6!1s0x2dd80058c47db617:0xa146a90c692853a7!8m2!3d-7.1527781!4d112.6506873!16s%2Fg%2F11b5wmk28d!19sChIJF7Z9xFgA2C0Rp1MoaQypRqE?authuser=0&hl=id&rclk=1,2026-07-17 15:02
ATM BNI KK MANYAR,atm,"5,0",2,,,(021) 57899999,http://www.bni.co.id/,,,https://www.google.com/maps/place/ATM+BNI+KK+MANYAR/data=!4m7!3m6!1s0x2e77fe18baa09723:0xc753be5c2b5a5066!8m2!3d-7.1314807!4d112.6129551!16s%2Fg%2F11b5wpsm_v!19sChIJI5eguhj-dy4RZlBaK1y-U8c?authuser=0&hl=id&rclk=1,2026-07-17 15:02
Bank BNI Cabang Gresik,atm,"4,1",124,,,(021) 1500046,http://www.bni.co.id/,,,https://www.google.com/maps/place/Bank+BNI+Cabang+Gresik/data=!4m7!3m6!1s0x2dd8003864911825:0x12f06f92c5258a09!8m2!3d-7.1719073!4d112.6530609!16s%2Fg%2F1hm3pttxv!19sChIJJRiRZDgA2C0RCYolxZJv8BI?authuser=0&hl=id&rclk=1,2026-07-17 15:02
BNI 46 Kartini,atm,"4,0",65,,,,,,,https://www.google.com/maps/place/BNI+46+Kartini/data=!4m7!3m6!1s0x2dd8006a29a143df:0x883cd89ad4febe66!8m2!3d-7.1676129!4d112.6411354!16s%2Fg%2F1hm2nkccf!19sChIJ30OhKWoA2C0RZr7-1JrYPIg?authuser=0&hl=id&rclk=1,2026-07-17 15:03
"ATM GRESSMALL (BNI, BSI, Mandiri LINK).",atm,,,,,,,,,"https://www.google.com/maps/place/ATM+GRESSMALL+%28BNI,+BSI,+Mandiri+LINK%29./data=!4m7!3m6!1s0x2e77ff1e5d112039:0x93cbc2149dd9127d!8m2!3d-7.1576931!4d112.6160498!16s%2Fg%2F11svlp2qnn!19sChIJOSARXR7_dy4RfRLZnRTCy5M?authuser=0&hl=id&rclk=1",2026-07-17 15:03
ATM BNI ROOMO,atm,"2,7",3,,,,,,,https://www.google.com/maps/place/ATM+BNI+ROOMO/data=!4m7!3m6!1s0x2dd801cad1ed695d:0xe08315943ed40a08!8m2!3d-7.1438655!4d112.6329955!16s%2Fg%2F11g1mh_ss3!19sChIJXWnt0coB2C0RCArUPpQVg-A?authuser=0&hl=id&rclk=1,2026-07-17 15:03
ATM BNI 2,atm,"5,0",1,,,,http://www.bni.co.id/,,,https://www.google.com/maps/place/ATM+BNI+2/data=!4m7!3m6!1s0x2e77fe3567c48369:0xb220993fbc08e1ff!8m2!3d-7.1523875!4d112.5967391!16s%2Fg%2F11b6nnxp4f!19sChIJaYPEZzX-dy4R_-EIvD-ZILI?authuser=0&hl=id&rclk=1,2026-07-17 15:03
BANK BNI GREEN GARDEN GRESIK,atm,,,,,(021) 1500046,https://www.bni.co.id/,,,https://www.google.com/maps/place/BANK+BNI+GREEN+GARDEN+GRESIK/data=!4m7!3m6!1s0x2e77ff2a959a193b:0x64b6a5a659915a3e!8m2!3d-7.167374!4d112.599734!16s%2Fg%2F11n9xhybgt!19sChIJOxmalSr_dy4RPlqRWaaltmQ?authuser=0&hl=id&rclk=1,2026-07-17 15:03
Bank BNI,atm,"3,2",21,,,(021) 1500046,https://www.bni.co.id/,,,https://www.google.com/maps/place/Bank+BNI/data=!4m7!3m6!1s0x2e77fe219f3b60e9:0xbe8080fa1a7747a3!8m2!3d-7.1349217!4d112.6151709!16s%2Fg%2F11b6hrp9fk!19sChIJ6WA7nyH-dy4Ro0d3GvqAgL4?authuser=0&hl=id&rclk=1,2026-07-17 15:03
ATM BNI PJB,atm,"5,0",3,,,(021) 57899999,http://www.bni.co.id/,,,https://www.google.com/maps/place/ATM+BNI+PJB/data=!4m7!3m6!1s0x2dd800e428f900cd:0xb8ebca1f09037735!8m2!3d-7.1691838!4d112.661115!16s%2Fg%2F11b5wknq81!19sChIJzQD5KOQA2C0RNXcDCR_K67g?authuser=0&hl=id&rclk=1,2026-07-17 15:03
Bank Mandiri KCP Gresik Kota Baru Sumatera,atm,"4,6",183,,,(021) 52997777,http://www.bankmandiri.co.id/,,,https://www.google.com/maps/place/Bank+Mandiri+KCP+Gresik+Kota+Baru+Sumatera/data=!4m7!3m6!1s0x2e77ffd4697cbca5:0x5e217f83c368537c!8m2!3d-7.1562671!4d112.6151673!16s%2Fg%2F11c6rhcnlw!19sChIJpbx8adT_dy4RfFNow4N_IV4?authuser=0&hl=id&rclk=1,2026-07-17 15:03
ATM BNI PELINDO III,atm,"5,0",2,,,(021) 57899999,http://www.bni.co.id/,,,https://www.google.com/maps/place/ATM+BNI+PELINDO+III/data=!4m7!3m6!1s0x2dd80056aaf86081:0x7027b2d7923f9a17!8m2!3d-7.1544375!4d112.6611845!16s%2Fg%2F11b5wlbrmw!19sChIJgWD4qlYA2C0RF5o_kteyJ3A?authuser=0&hl=id&rclk=1,2026-07-17 15:03
ATM Center,atm,"3,0",4,,,,,,,https://www.google.com/maps/place/ATM+Center/data=!4m7!3m6!1s0x2e77fffcee927cf1:0x6d9fdfe8964a87d9!8m2!3d-7.1845611!4d112.6157791!16s%2Fg%2F11bw7db0wf!19sChIJ8XyS7vz_dy4R2YdKlujfn20?authuser=0&hl=id&rclk=1,2026-07-17 15:03
Alfamart Dr. Wahidin Kembangan,atm,"3,7",117,,,0855-8208-132,,,,https://www.google.com/maps/place/Alfamart+Dr.+Wahidin+Kembangan/data=!4m7!3m6!1s0x2e77ffc4c989ee1b:0xb3930441599480f2!8m2!3d-7.1668569!4d112.6075556!16s%2Fg%2F11bc6z5tql!19sChIJG-6JycT_dy4R8oCUWUEEk7M?authuser=0&hl=id&rclk=1,2026-07-17 15:03
BSI (Bank Syariah Indonesia),atm,"4,2",152,,,,,,,https://www.google.com/maps/place/BSI+%28Bank+Syariah+Indonesia%29/data=!4m7!3m6!1s0x2e77ff7a22cf545d:0x84244a79114ad43f!8m2!3d-7.1404432!4d112.6167214!16s%2Fg%2F11kpgn596v!19sChIJXVTPInr_dy4RP9RKEXlKJIQ?authuser=0&hl=id&rclk=1,2026-07-17 15:03
Mandiri ATM Giant SPM Gresik Kota Baru,atm,"3,9",21,,,(031) 52997777,http://www.bankmandiri.co.id/,,,https://www.google.com/maps/place/Mandiri+ATM+Giant+SPM+Gresik+Kota+Baru/data=!4m7!3m6!1s0x2e77fe26305f5417:0x70fc374635d476e9!8m2!3d-7.146767!4d112.6144872!16s%2Fg%2F1ygbb7p7s!19sChIJF1RfMCb-dy4R6XbUNUY3_HA?authuser=0&hl=id&rclk=1,2026-07-17 15:03
ATM Mandiri GKB 3,atm,,,,,,,,,https://www.google.com/maps/place/ATM+Mandiri+GKB+3/data=!4m7!3m6!1s0x2e77fe2b67ea8821:0x553ff4c38ec38b65!8m2!3d-7.1515172!4d112.6145689!16s%2Fg%2F11fzf4l0qd!19sChIJIYjqZyv-dy4RZYvDjsP0P1U?authuser=0&hl=id&rclk=1,2026-07-17 15:04
BNI Finance Gresik,atm,,,,,,https://www.bnifinance.co.id/,,,https://www.google.com/maps/place/BNI+Finance+Gresik/data=!4m7!3m6!1s0x2dd8018b25d5e77d:0x9e51a6a08bdcd12d!8m2!3d-7.1684107!4d112.647762!16s%2Fg%2F11wvkgxyhs!19sChIJfefVJYsB2C0RLdHci6CmUZ4?authuser=0&hl=id&rclk=1,2026-07-17 15:04
ATM CIMB Niaga Gresik Kartini,atm,"3,8",10,,,(031) 14041,,,,https://www.google.com/maps/place/ATM+CIMB+Niaga+Gresik+Kartini/data=!4m7!3m6!1s0x2dd80041a99a2551:0xbccc85a2626d548c!8m2!3d-7.1676071!4d112.6444105!16s%2Fg%2F1hc6zjj1t!19sChIJUSWaqUEA2C0RjFRtYqKFzLw?authuser=0&hl=id&rclk=1,2026-07-17 15:04
ATM Mandiri GSK MM V-MART,atm,"4,0",5,,,(021) 52997777,http://www.bankmandiri.co.id/,,,https://www.google.com/maps/place/ATM+Mandiri+GSK+MM+V-MART/data=!4m7!3m6!1s0x2dd8003b90ecf633:0xc749c62d8713ddb!8m2!3d-7.1778037!4d112.6506618!16s%2Fg%2F11b6hndq8l!19sChIJM_bskDsA2C0R2z1x2GKcdAw?authuser=0&hl=id&rclk=1,2026-07-17 15:04
Bank Mandiri Gresik,atm,"4,4",567,,,(031) 3981300,http://www.bankmandiri.co.id/,,,https://www.google.com/maps/place/Bank+Mandiri+Gresik/data=!4m7!3m6!1s0x2dd80041e0dc15d1:0x66f35b7ef47c6f0f!8m2!3d-7.1678262!4d112.6452606!16s%2Fg%2F1tdmxy55!19sChIJ0RXc4EEA2C0RD2989H5b82Y?authuser=0&hl=id&rclk=1,2026-07-17 15:04
Bank Jatim Cabang Syariah Gresik,atm,"4,3",42,,,(031) 3982011,,,,https://www.google.com/maps/place/Bank+Jatim+Cabang+Syariah+Gresik/data=!4m7!3m6!1s0x2dd80045680f9f35:0xc0446887da905ad!8m2!3d-7.1677062!4d112.6446535!16s%2Fg%2F1hm5q6zxy!19sChIJNZ8PaEUA2C0RrQWpfYhGBAw?authuser=0&hl=id&rclk=1,2026-07-17 15:04
Indomaret Sunan Giri,atm,"3,9",56,,,0816-500-580,http://www.indomaret.co.id/,,,https://www.google.com/maps/place/Indomaret+Sunan+Giri/data=!4m7!3m6!1s0x2dd8006d3b2dc8a3:0x9b5843958ad152ff!8m2!3d-7.1712643!4d112.6346137!16s%2Fg%2F1pxq5yn_5!19sChIJo8gtO20A2C0R_1LRipVDWJs?authuser=0&hl=id&rclk=1,2026-07-17 15:04
BANK BNI CERME,atm,"4,0",73,,,(021) 1500046,https://www.bni.co.id/,,,https://www.google.com/maps/place/BANK+BNI+CERME/data=!4m7!3m6!1s0x2e7801adb97ebe43:0x8a38f6e9519f99fc!8m2!3d-7.2275!4d112.568!16s%2Fg%2F11c0z22_xb!19sChIJQ75-ua0BeC4R_JmfUen2OIo?authuser=0&hl=id&rclk=1,2026-07-17 15:04
ATM BNI PERTOKOAN BUNGAH,atm,"5,0",2,,,(021) 57899999,http://www.bni.co.id/,,,https://www.google.com/maps/place/ATM+BNI+PERTOKOAN+BUNGAH/data=!4m7!3m6!1s0x2e77fd212de081cd:0xf998fb8300fa6d8f!8m2!3d-7.049621!4d112.57582!16s%2Fg%2F1q6j3x3kp!19sChIJzYHgLSH9dy4Rj236AIP7mPk?authuser=0&hl=id&rclk=1,2026-07-17 15:04
BANK BNI JIIPE,atm,,,,,(021) 1500046,https://www.bni.co.id/,,,https://www.google.com/maps/place/BANK+BNI+JIIPE/data=!4m7!3m6!1s0x2e77fd1c9441386f:0xe4bdae7c62221a08!8m2!3d-7.0861!4d112.603!16s%2Fg%2F11z3p0y9h2!19sChIJbzhBlBz9dy4RCBoiYnyuveQ?authuser=0&hl=id&rclk=1,2026-07-17 15:04
Alfamart (V-Mart Swalayan),atm,"4,2",83,,,(031) 3976287,,,,https://www.google.com/maps/place/Alfamart+%28V-Mart+Swalayan%29/data=!4m7!3m6!1s0x2dd8003c7f99cd29:0x1cfdfb2331549759!8m2!3d-7.1779354!4d112.6506068!16s%2Fg%2F1hm6hjm3_!19sChIJKc2ZfzwA2C0RWZdUMSP7_Rw?authuser=0&hl=id&rclk=1,2026-07-17 15:04
BNI BUNGAH,atm,"3,4",58,,,(031) 3940646,http://bni.co.id/,,,https://www.google.com/maps/place/BNI+BUNGAH/data=!4m7!3m6!1s0x2e77fd210816ee69:0x75b80806ca5851a3!8m2!3d-7.051533!4d112.5758311!16s%2Fg%2F1hm2gy0np!19sChIJae4WCCH9dy4Ro1FYygYIuHU?authuser=0&hl=id&rclk=1,2026-07-17 15:04
ATM BNI KLN BUNGAH,atm,"3,7",3,,,(021) 57899999,http://www.bni.co.id/,,,https://www.google.com/maps/place/ATM+BNI+KLN+BUNGAH/data=!4m7!3m6!1s0x2e77fd2105e3d76f:0xfdcda6004cd111c7!8m2!3d-7.0514508!4d112.5759098!16s%2Fg%2F11b5wn7k6k!19sChIJb9fjBSH9dy4RxxHRTACmzf0?authuser=0&hl=id&rclk=1,2026-07-17 15:04
ATM BNI MENGANTI,atm,"4,7",6,,,(021) 1500046,http://www.bni.co.id/,,,https://www.google.com/maps/place/ATM+BNI+MENGANTI/data=!4m7!3m6!1s0x2e78073dbfcda571:0x2383ddb605e37d3c!8m2!3d-7.293855!4d112.588405!16s%2Fg%2F11b5phrscg!19sChIJcaXNvz0HeC4RPH3jBbbdgyM?authuser=0&hl=id&rclk=1,2026-07-17 15:04
ATM BNI Terminal Teluk Lamong,atm,"5,0",1,,,,,,,https://www.google.com/maps/place/ATM+BNI+Terminal+Teluk+Lamong/data=!4m7!3m6!1s0x2dd7ffd64f6ce0bb:0x94572713e94ffa5e!8m2!3d-7.2043062!4d112.6693027!16s%2Fg%2F11gl4lvsm3!19sChIJu-BsT9b_1y0RXvpP6RMnV5Q?authuser=0&hl=id&rclk=1,2026-07-17 15:04
ATM BNI dan MANDIRI INDOMARET DUDUKSAMPEYAN,atm,"4,6",5,,,(021) 57899999,http://www.bni.co.id/,,,https://www.google.com/maps/place/ATM+BNI+dan+MANDIRI+INDOMARET+DUDUKSAMPEYAN/data=!4m7!3m6!1s0x2e77f92be49cc9f5:0x584bd5b72b0f9c86!8m2!3d-7.1534462!4d112.518954!16s%2Fg%2F11b5wmsz7s!19sChIJ9cmc5Cv5dy4RhpwPK7fVS1g?authuser=0&hl=id&rclk=1,2026-07-17 15:04
ATM BNI (spbu benjeng),atm,"4,5",2,,,,,,,https://www.google.com/maps/place/ATM+BNI+%28spbu+benjeng%29/data=!4m7!3m6!1s0x2e7803ea6b00fc4f:0x87588fbb486f2254!8m2!3d-7.2602852!4d112.5049638!16s%2Fg%2F11hbgnbdgb!19sChIJT_wAa-oDeC4RVCJvSLuPWIc?authuser=0&hl=id&rclk=1,2026-07-17 15:04
PPOB BNI,atm,"4,8",4,,,(031) 72505337,,,,https://www.google.com/maps/place/PPOB+BNI/data=!4m7!3m6!1s0x2e780087f7e4acfd:0x6eea73ad2075e6be!8m2!3d-7.2337027!4d112.6087269!16s%2Fg%2F11b6gn2_f1!19sChIJ_azk94cAeC4RvuZ1IK1z6m4?authuser=0&hl=id&rclk=1,2026-07-17 15:05
ATM BNI ALUN ALUN SEDAYU,atm,"4,8",4,,,(021) 57899999,http://www.bni.co.id/,,,https://www.google.com/maps/place/ATM+BNI+ALUN+ALUN+SEDAYU/data=!4m7!3m6!1s0x2e77e3a91b66b90f:0xec34a483f90b1f6b!8m2!3d-6.9925631!4d112.5638186!16s%2Fg%2F11b5pj6ff5!19sChIJD7lmG6njdy4Rax8L-YOkNOw?authuser=0&hl=id&rclk=1,2026-07-17 15:05
ATM BNI DUKUN,atm,"3,4",5,,,(021) 57899999,http://www.bni.co.id/,,,https://www.google.com/maps/place/ATM+BNI+DUKUN/data=!4m7!3m6!1s0x2e77e491efdae467:0x674f332ffd9bcbc3!8m2!3d-7.0067949!4d112.5077077!16s%2Fg%2F11bbwpt_wl!19sChIJZ-Ta75Hkdy4Rw8ub_S8zT2c?authuser=0&hl=id&rclk=1,2026-07-17 15:05
BANK BNI MENGANTI,atm,"4,1",82,,,(021) 1500046,https://www.bni.co.id/,,,https://www.google.com/maps/place/BANK+BNI+MENGANTI/data=!4m7!3m6!1s0x2e78073e3c38be35:0x3b68f46254f87371!8m2!3d-7.2942!4d112.5914!16s%2Fg%2F11bxjz_h60!19sChIJNb44PD4HeC4RcXP4VGL0aDs?authuser=0&hl=id&rclk=1,2026-07-17 15:05
Bni,atm,"5,0",1,,,,,,,https://www.google.com/maps/place/Bni/data=!4m7!3m6!1s0x2dd7ffbd026f5f7b:0x37f1dbb482b26b23!8m2!3d-7.2134538!4d112.6531698!16s%2Fg%2F11h0zfl64p!19sChIJe19vAr3_1y0RI2uygrTb8Tc?authuser=0&hl=id&rclk=1,2026-07-17 15:05
ATM BNI KK DRIYOREJO,atm,"4,0",86,,,(021) 57899999,http://www.bni.co.id/,,,https://www.google.com/maps/place/ATM+BNI+KK+DRIYOREJO/data=!4m7!3m6!1s0x2dd7e2a5c83fc0e1:0x64b9bd0f6dae15a7!8m2!3d-7.3656523!4d112.6271985!16s%2Fg%2F11b5wmz8pw!19sChIJ4cA_yKXi1y0RpxWubQ-9uWQ?authuser=0&hl=id&rclk=1,2026-07-17 15:05
ATM BNI Indomaret Sememi,atm,"5,0",2,,,,,,,https://www.google.com/maps/place/ATM+BNI+Indomaret+Sememi/data=!4m7!3m6!1s0x2dd7fe3f3c257dc3:0x832ed6609637ae63!8m2!3d-7.248094!4d112.6418037!16s%2Fg%2F11f405lk5x!19sChIJw30lPD_-1y0RY643lmDWLoM?authuser=0&hl=id&rclk=1,2026-07-17 15:05
ATM Mandiri,atm,"4,0",3,,,(021) 52997777,http://www.bankmandiri.co.id/,,,https://www.google.com/maps/place/ATM+Mandiri/data=!4m7!3m6!1s0x2dd8000c82ec5b2d:0x205fd9db076f7ef8!8m2!3d-7.1743882!4d112.6259196!16s%2Fg%2F11bc7qrl4w!19sChIJLVvsggwA2C0R-H5vB9vZXyA?authuser=0&hl=id&rclk=1,2026-07-17 15:05
Mandiri ATM KCP Gresik,atm,"4,8",9,,,(021) 52997777,http://www.bankmandiri.co.id/,,,https://www.google.com/maps/place/Mandiri+ATM+KCP+Gresik/data=!4m7!3m6!1s0x2dd80040e9a97d1f:0xf79ad800dfedf9f9!8m2!3d-7.1679101!4d112.6452158!16s%2Fg%2F1hc6365hx!19sChIJH32p6UAA2C0R-fnt3wDYmvc?authuser=0&hl=id&rclk=1,2026-07-17 15:05
ATM Mandiri GSK IM KEMBANGAN,atm,,,,,(021) 52997777,http://www.bankmandiri.co.id/,,,https://www.google.com/maps/place/ATM+Mandiri+GSK+IM+KEMBANGAN/data=!4m7!3m6!1s0x2e77ff1586fa165d:0x43aa017b3e18edcd!8m2!3d-7.167667!4d112.6149488!16s%2Fg%2F11yf571x0q!19sChIJXRb6hhX_dy4Rze0YPnsBqkM?authuser=0&hl=id&rclk=1,2026-07-17 15:05
ATM Mandiri GSK SB GKBSUMATRA,atm,,,,,(021) 52997777,http://www.bankmandiri.co.id/,,,https://www.google.com/maps/place/ATM+Mandiri+GSK+SB+GKBSUMATRA/data=!4m7!3m6!1s0x2e77ff67e3f78e37:0xa250c63a36d6295a!8m2!3d-7.1593783!4d112.6188547!16s%2Fg%2F11xkpjy37c!19sChIJN47342f_dy4RWinWNjrGUKI?authuser=0&hl=id&rclk=1,2026-07-17 15:05
ATM Mandiri GSK IM WAHIDINKEBOMAS,atm,"5,0",2,,,(021) 52997777,http://www.bankmandiri.co.id/,,,https://www.google.com/maps/place/ATM+Mandiri+GSK+IM+WAHIDINKEBOMAS/data=!4m7!3m6!1s0x2dd8006ede3602af:0x16ff9fe89ba306a7!8m2!3d-7.1644717!4d112.636301!16s%2Fg%2F11f3x51w0b!19sChIJrwI23m4A2C0Rpwajm-if_xY?authuser=0&hl=id&rclk=1,2026-07-17 15:05
atm mandiri,atm,"5,0",1,,,,https://www.bankmandiri.co.id/,,,https://www.google.com/maps/place/atm+mandiri/data=!4m7!3m6!1s0x2dd800697cd1baaf:0xa50886255525c1a4!8m2!3d-7.1664936!4d112.6399481!16s%2Fg%2F11b6gh5gwn!19sChIJr7rRfGkA2C0RpMElVSWGCKU?authuser=0&hl=id&rclk=1,2026-07-17 15:05
ATM Bank Mandiri,atm,"3,6",33,,,(021) 14000,http://www.bankmandiri.co.id/,,,https://www.google.com/maps/place/ATM+Bank+Mandiri/data=!4m7!3m6!1s0x2dd8004639e25da1:0x5b02aa6c25162bdb!8m2!3d-7.1678507!4d112.6545759!16s%2Fg%2F1hm3sq8ws!19sChIJoV3iOUYA2C0R2ysWJWyqAls?authuser=0&hl=id&rclk=1,2026-07-17 15:05
ATM Mandiri GSK IM SUNANGIRI,atm,,,,,(021) 52997777,http://www.bankmandiri.co.id/,,,https://www.google.com/maps/place/ATM+Mandiri+GSK+IM+SUNANGIRI/data=!4m7!3m6!1s0x2dd8006d27c6e8c3:0xa81e4ff5922da637!8m2!3d-7.171225!4d112.6346456!16s%2Fg%2F11dfr5y31r!19sChIJw-jGJ20A2C0RN6YtkvVPHqg?authuser=0&hl=id&rclk=1,2026-07-17 15:05
ATM Mandiri Alfamart Jawa Gresik,atm,"4,0",9,,,(0361) 265606,http://mandiri.co.id/,,,https://www.google.com/maps/place/ATM+Mandiri+Alfamart+Jawa+Gresik/data=!4m7!3m6!1s0x2e77ffd4bcb7db1d:0x4482fb38de07f50f!8m2!3d-7.153863!4d112.614689!16s%2Fg%2F11b6gm02xj!19sChIJHdu3vNT_dy4RD_UH3jj7gkQ?authuser=0&hl=id&rclk=1,2026-07-17 15:05
ATM Mandiri GSK RS SEMENGRESIK,atm,"5,0",3,,,(021) 52997777,http://www.bankmandiri.co.id/,,,https://www.google.com/maps/place/ATM+Mandiri+GSK+RS+SEMENGRESIK/data=!4m7!3m6!1s0x2dd800698b93481f:0xab5788e4398d53dc!8m2!3d-7.1667379!4d112.6419443!16s%2Fg%2F11b6d7qvlh!19sChIJH0iTi2kA2C0R3FONOeSIV6s?authuser=0&hl=id&rclk=1,2026-07-17 15:06
ATM Mandiri GSK ED UNMUH,atm,,,,,(021) 52997777,http://www.bankmandiri.co.id/,,,https://www.google.com/maps/place/ATM+Mandiri+GSK+ED+UNMUH/data=!4m7!3m6!1s0x2e77ffa328065277:0x23200cb5b31d1085!8m2!3d-7.1608329!4d112.6158841!16s%2Fg%2F11xmd4bj5n!19sChIJd1IGKKP_dy4RhRAds7UMICM?authuser=0&hl=id&rclk=1,2026-07-17 15:06
Atm mandiri K3PG,atm,"4,0",2,,,,,,,https://www.google.com/maps/place/Atm+mandiri+K3PG/data=!4m7!3m6!1s0x2dd800676bf7f01b:0x649ae245be2dd7c!8m2!3d-7.1580907!4d112.6426801!16s%2Fg%2F1hm4qy2c4!19sChIJG_D3a2cA2C0RfN3iWySuSQY?authuser=0&hl=id&rclk=1,2026-07-17 15:06
ATM Mandiri GSK ID KIG,atm,,,,,(021) 52997777,http://www.bankmandiri.co.id/,,,https://www.google.com/maps/place/ATM+Mandiri+GSK+ID+KIG/data=!4m7!3m6!1s0x2dd80120cee1de8b:0x67ec2f8245053d96!8m2!3d-7.1590113!4d112.6359357!16s%2Fg%2F11xmd0qmk4!19sChIJi97hziAB2C0Rlj0FRYIv7Gc?authuser=0&hl=id&rclk=1,2026-07-17 15:06
ATM mandiri,atm,"5,0",2,,,,https://www.bankmandiri.co.id/,,,https://www.google.com/maps/place/ATM+mandiri/data=!4m7!3m6!1s0x2dd800f58a102ff9:0x8bd1a80ec29f03d6!8m2!3d-7.15151!4d112.6473928!16s%2Fg%2F11b6gdtmkz!19sChIJ-S8QivUA2C0R1gOfwg6o0Ys?authuser=0&hl=id&rclk=1,2026-07-17 15:06
Bank Mandiri Gresik Petrokimia,atm,"4,8",255,,,(031) 3980375,http://www.bankmandiri.co.id/,,,https://www.google.com/maps/place/Bank+Mandiri+Gresik+Petrokimia/data=!4m7!3m6!1s0x2dd800676c8bbd37:0xc9347f098858176!8m2!3d-7.1572086!4d112.6400069!16s%2Fg%2F1hdz83xrg!19sChIJN72LbGcA2C0RdoGFmPBHkww?authuser=0&hl=id&rclk=1,2026-07-17 15:06
ATM Mandiri GSK CB PETROKIMIA,atm,"5,0",2,,,(021) 52997777,http://www.bankmandiri.co.id/,,,https://www.google.com/maps/place/ATM+Mandiri+GSK+CB+PETROKIMIA/data=!4m7!3m6!1s0x2dd8011dfac7473f:0xfbb82c086e43b5a3!8m2!3d-7.1570596!4d112.6399747!16s%2Fg%2F11xkpt9dzn!19sChIJP0fH-h0B2C0Ro7VDbggsuPs?authuser=0&hl=id&rclk=1,2026-07-17 15:06
Bank Mandiri Usman Sadar,atm,"4,9",305,,,(021) 14000,https://bankmandiri.co.id/,,,https://www.google.com/maps/place/Bank+Mandiri+Usman+Sadar/data=!4m7!3m6!1s0x2dd8017d1fb0516d:0xd704afe891b0c471!8m2!3d-7.153771!4d112.6504089!16s%2Fg%2F11v5fv0psw!19sChIJbVGwH30B2C0RccSwkeivBNc?authuser=0&hl=id&rclk=1,2026-07-17 15:06
ATM Mandiri GSK MO GRESIK,atm,,,,,(021) 52997777,http://www.bankmandiri.co.id/,,,https://www.google.com/maps/place/ATM+Mandiri+GSK+MO+GRESIK/data=!4m7!3m6!1s0x2dd8013838b4b5bb:0x37737eb99873729e!8m2!3d-7.1678104!4d112.6452642!16s%2Fg%2F11xkx02w30!19sChIJu7W0ODgB2C0RnnJzmLl-czc?authuser=0&hl=id&rclk=1,2026-07-17 15:06
Mandiri ATM KPG,atm,"5,0",1,,,(021) 52997777,http://www.bankmandiri.co.id/,,,https://www.google.com/maps/place/Mandiri+ATM+KPG/data=!4m7!3m6!1s0x2dd80067eaaaaaab:0x7051bca9835910b7!8m2!3d-7.1602241!4d112.6422128!16s%2Fg%2F1ygbb6t39!19sChIJq6qq6mcA2C0RtxBZg6m8UXA?authuser=0&hl=id&rclk=1,2026-07-17 15:06
ATM Mandiri GSK MP ICONMALL,atm,,,,,(021) 52997777,http://www.bankmandiri.co.id/,,,https://www.google.com/maps/place/ATM+Mandiri+GSK+MP+ICONMALL/data=!4m7!3m6!1s0x2e77ff8f5ac3a52f:0x5a0ea03abb0d0edd!8m2!3d-7.1665191!4d112.6018812!16s%2Fg%2F11xmd49ny_!19sChIJL6XDWo__dy4R3Q4NuzqgDlo?authuser=0&hl=id&rclk=1,2026-07-17 15:06
ATM Mandiri GSK GD PETROKOPINDO,atm,,,,,(021) 52997777,http://www.bankmandiri.co.id/,,,https://www.google.com/maps/place/ATM+Mandiri+GSK+GD+PETROKOPINDO/data=!4m7!3m6!1s0x2dd801dbe37e9a7b:0x4d0353d83c054e31!8m2!3d-7.1434618!4d112.6286821!16s%2Fg%2F11xmcfsp68!19sChIJe5p-49sB2C0RMU4FPNhTA00?authuser=0&hl=id&rclk=1,2026-07-17 15:06
ATM Mandiri GSK MM K-MART CRM,atm,,,,,(021) 52997777,http://www.bankmandiri.co.id/,,,https://www.google.com/maps/place/ATM+Mandiri+GSK+MM+K-MART+CRM/data=!4m7!3m6!1s0x2dd80134d67e3c5d:0xf9ce2676494ee238!8m2!3d-7.1582085!4d112.6427795!16s%2Fg%2F11xkx5rdmk!19sChIJXTx-1jQB2C0ROOJOSXYmzvk?authuser=0&hl=id&rclk=1,2026-07-17 15:06
ATM Mandiri GSK SM SUPERINDOGKB,atm,,,,,(021) 52997777,http://www.bankmandiri.co.id/,,,https://www.google.com/maps/place/ATM+Mandiri+GSK+SM+SUPERINDOGKB/data=!4m7!3m6!1s0x2e77ff55fc862055:0x993c7eacdf6150d!8m2!3d-7.1467458!4d112.6144712!16s%2Fg%2F11xmcjcspk!19sChIJVSCG_FX_dy4RDRX2zerHkwk?authuser=0&hl=id&rclk=1,2026-07-17 15:06
ATM Mandiri GSK IM GUBSURYO2,atm,,,,,(021) 52997777,http://www.bankmandiri.co.id/,,,https://www.google.com/maps/place/ATM+Mandiri+GSK+IM+GUBSURYO2/data=!4m7!3m6!1s0x2dd8010eba31b1d9:0xa89bb5b4d422419d!8m2!3d-7.1506483!4d112.6454841!16s%2Fg%2F11xmcz504y!19sChIJ2bExug4B2C0RnUEi1LS1m6g?authuser=0&hl=id&rclk=1,2026-07-17 15:06
Bank Mandiri Gedung Utama Semen Gresik,atm,"4,8",176,,,(031) 3978504,http://www.bankmandiri.co.id/,,,https://www.google.com/maps/place/Bank+Mandiri+Gedung+Utama+Semen+Gresik/data=!4m7!3m6!1s0x2dd8003854268553:0x97b07d9509b6078c!8m2!3d-7.1762506!4d112.6509345!16s%2Fg%2F1hd_k_b35!19sChIJU4UmVDgA2C0RjAe2CZV9sJc?authuser=0&hl=id&rclk=1,2026-07-17 15:06
ATM Mandiri GSK PB KHARISMAENERGY,atm,,,,,(021) 52997777,http://www.bankmandiri.co.id/,,,https://www.google.com/maps/place/ATM+Mandiri+GSK+PB+KHARISMAENERGY/data=!4m7!3m6!1s0x2dd801be30bbcaf3:0x86ce588dbbc4a62e!8m2!3d-7.1483423!4d112.637804!16s%2Fg%2F11yf4__4df!19sChIJ88q7ML4B2C0RLqbEu41YzoY?authuser=0&hl=id&rclk=1,2026-07-17 15:06
PT Bank Mandiri KCP Gresik Manyar,atm,"4,7",352,,,(021) 14000,https://bankmandiri.co.id/,,,https://www.google.com/maps/place/PT+Bank+Mandiri+KCP+Gresik+Manyar/data=!4m7!3m6!1s0x2e77ff23c55dcc0d:0xc4afa4523471bcbf!8m2!3d-7.1363321!4d112.6168727!16s%2Fg%2F11vb9zfrm0!19sChIJDcxdxSP_dy4Rv7xxNFKkr8Q?authuser=0&hl=id&rclk=1,2026-07-17 15:07
ATM Mandiri GSK AM DULHASIM,atm,,,,,(021) 52997777,http://www.bankmandiri.co.id/,,,https://www.google.com/maps/place/ATM+Mandiri+GSK+AM+DULHASIM/data=!4m7!3m6!1s0x2dd801d8e9c230f1:0xfa8d92c9799f4790!8m2!3d-7.1718944!4d112.6548593!16s%2Fg%2F11xmc_hlsz!19sChIJ8TDC6dgB2C0RkEefecmSjfo?authuser=0&hl=id&rclk=1,2026-07-17 15:07
Mandiri ATM KCP Gresik Kota Baru,atm,"4,2",5,,,(021) 52997777,http://www.bankmandiri.co.id/,,,https://www.google.com/maps/place/Mandiri+ATM+KCP+Gresik+Kota+Baru/data=!4m7!3m6!1s0x2e77fe18baa096dd:0x666c760c97a187e1!8m2!3d-7.1315633!4d112.61356!16s%2Fg%2F1ygbb6s4m!19sChIJ3Zaguhj-dy4R4Yehlwx2bGY?authuser=0&hl=id&rclk=1,2026-07-17 15:07
Bank Mandiri Taspen KCP GRESIK,atm,"4,3",41,,,,,,,https://www.google.com/maps/place/Bank+Mandiri+Taspen+KCP+GRESIK/data=!4m7!3m6!1s0x2dd8016109f7593f:0xe5600970c6741dcd!8m2!3d-7.1673908!4d112.6436346!16s%2Fg%2F11gr62lyzj!19sChIJP1n3CWEB2C0RzR10xnAJYOU?authuser=0&hl=id&rclk=1,2026-07-17 15:07
ATM Mandiri GSK CB KARTINI,atm,,,,,(021) 52997777,http://www.bankmandiri.co.id/,,,https://www.google.com/maps/place/ATM+Mandiri+GSK+CB+KARTINI/data=!4m7!3m6!1s0x2dd8016a782f13e5:0xb82ee8164fa34f7a!8m2!3d-7.1678104!4d112.6452642!16s%2Fg%2F11xkpt9dsb!19sChIJ5RMveGoB2C0Rek-jTxboLrg?authuser=0&hl=id&rclk=1,2026-07-17 15:07
ATM Mandiri GSK CB MMUPASARKOTA,atm,,,,,(021) 52997777,http://www.bankmandiri.co.id/,,,https://www.google.com/maps/place/ATM+Mandiri+GSK+CB+MMUPASARKOTA/data=!4m7!3m6!1s0x2dd80154a29ebd43:0x1f785c6e5542d053!8m2!3d-7.1537673!4d112.6503925!16s%2Fg%2F11xkpmsdzs!19sChIJQ72eolQB2C0RU9BCVW5ceB8?authuser=0&hl=id&rclk=1,2026-07-17 15:07
ATM Mandiri Alfamart,atm,"5,0",1,,,,,,,https://www.google.com/maps/place/ATM+Mandiri+Alfamart/data=!4m7!3m6!1s0x2dd8003819fdac11:0x606fb7370ba824cb!8m2!3d-7.1719807!4d112.6549512!16s%2Fg%2F11f4mbp1nj!19sChIJEaz9GTgA2C0RyySoCze3b2A?authuser=0&hl=id&rclk=1,2026-07-17 15:07
ATM Mandiri GSK PR CNTROSUNGKNOCRM,atm,,,,,(021) 52997777,http://www.bankmandiri.co.id/,,,https://www.google.com/maps/place/ATM+Mandiri+GSK+PR+CNTROSUNGKNOCRM/data=!4m7!3m6!1s0x2e77ff48ecbab5fb:0x5433ba8c050eb00!8m2!3d-7.1836368!4d112.6156163!16s%2Fg%2F11yf5qzht_!19sChIJ-7W67Ej_dy4RAOtQwKg7QwU?authuser=0&hl=id&rclk=1,2026-07-17 15:07
ATM Mandiri GSK IM WAHIDHASYIM,atm,,,,,(021) 52997777,http://www.bankmandiri.co.id/,,,https://www.google.com/maps/place/ATM+Mandiri+GSK+IM+WAHIDHASYIM/data=!4m7!3m6!1s0x2dd80138b8913b6b:0xd77f3793394d649!8m2!3d-7.1578878!4d112.6563951!16s%2Fg%2F11xkpb2bfs!19sChIJazuRuDgB2C0RSdaUM3nzdw0?authuser=0&hl=id&rclk=1,2026-07-17 15:07
Mandiri ATM PJB Business,atm,"4,0",1,,,(021) 52997777,http://www.bankmandiri.co.id/,,,https://www.google.com/maps/place/Mandiri+ATM+PJB+Business/data=!4m7!3m6!1s0x2dd800512b405d4b:0xaa39c4fe393a1c01!8m2!3d-7.1556646!4d112.6588864!16s%2Fg%2F11bbw_f1cc!19sChIJS11AK1EA2C0RARw6Of7EOao?authuser=0&hl=id&rclk=1,2026-07-17 15:07
ATM Mandiri GSK CB GD UTAMSI,atm,,,,,(021) 52997777,http://www.bankmandiri.co.id/,,,https://www.google.com/maps/place/ATM+Mandiri+GSK+CB+GD+UTAMSI/data=!4m7!3m6!1s0x2dd8010ca3ce5c9b:0xbae28652a5afadc9!8m2!3d-7.1761994!4d112.6507991!16s%2Fg%2F11xml93lmk!19sChIJm1zOowwB2C0Rya2vpVKG4ro?authuser=0&hl=id&rclk=1,2026-07-17 15:07
KSU Sumber Dana Mandiri,atm,"3,5",19,,,(031) 3954197,,,,https://www.google.com/maps/place/KSU+Sumber+Dana+Mandiri/data=!4m7!3m6!1s0x2e77ffd991a85319:0x1ddd8fd0ba3d8311!8m2!3d-7.1646735!4d112.614812!16s%2Fg%2F11b6gntrk1!19sChIJGVOokdn_dy4REYM9utCP3R0?authuser=0&hl=id&rclk=1,2026-07-17 15:07
ATM Mandiri Indomaret,atm,"5,0",1,,,,,,,https://www.google.com/maps/place/ATM+Mandiri+Indomaret/data=!4m7!3m6!1s0x2dd80033c16a1523:0x9e0b4f2891cc42d6!8m2!3d-7.1769516!4d112.6627476!16s%2Fg%2F11gg745dv3!19sChIJIxVqwTMA2C0R1kLMkShPC54?authuser=0&hl=id&rclk=1,2026-07-17 15:07
ATM Mandiri GSK IM KAPTENDULHASIM,atm,,,,,(021) 52997777,http://www.bankmandiri.co.id/,,,https://www.google.com/maps/place/ATM+Mandiri+GSK+IM+KAPTENDULHASIM/data=!4m7!3m6!1s0x2dd8016561d265fd:0x7494c5dc9dadbe25!8m2!3d-7.1718455!4d112.6554915!16s%2Fg%2F11yf5qzp44!19sChIJ_WXSYWUB2C0RJb6tndzFlHQ?authuser=0&hl=id&rclk=1,2026-07-17 15:07
ATM Mandiri GSK CB GRESIKMANYAR,atm,"3,7",3,,,(021) 52997777,http://www.bankmandiri.co.id/,,,https://www.google.com/maps/place/ATM+Mandiri+GSK+CB+GRESIKMANYAR/data=!4m7!3m6!1s0x2e77fe210a68ccd1:0x4f0ff1fa11fc46d3!8m2!3d-7.1352126!4d112.6156709!16s%2Fg%2F11b6j7k4fm!19sChIJ0cxoCiH-dy4R00b8EfrxD08?authuser=0&hl=id&rclk=1,2026-07-17 15:07
Bank Syariah Indonesia KC Gresik Kartini,atm,"4,5",268,,,,,,,https://www.google.com/maps/place/Bank+Syariah+Indonesia+KC+Gresik+Kartini/data=!4m7!3m6!1s0x2dd80041a57d9935:0x5de9fdfa6d70a1f5!8m2!3d-7.1681773!4d112.6461089!16s%2Fg%2F11h6g532q2!19sChIJNZl9pUEA2C0R9aFwbfr96V0?authuser=0&hl=id&rclk=1,2026-07-17 15:07
ATM Mandiri GSK PR PDKPERMATASUCI,atm,"3,8",6,,,(021) 52997777,http://www.bankmandiri.co.id/,,,https://www.google.com/maps/place/ATM+Mandiri+GSK+PR+PDKPERMATASUCI/data=!4m7!3m6!1s0x2e77fe3567c47343:0x264e32e5180fb36f!8m2!3d-7.1522969!4d112.5967707!16s%2Fg%2F11b6nkhm26!19sChIJQ3PEZzX-dy4Rb7MPGOUyTiY?authuser=0&hl=id&rclk=1,2026-07-17 15:08
KOPERASI MAKMUR MANDIRI,atm,"5,0",8,,,(031) 99103372,,,,https://www.google.com/maps/place/KOPERASI+MAKMUR+MANDIRI/data=!4m7!3m6!1s0x2e77ffd43e3376bd:0x3d445a2dc198850f!8m2!3d-7.1558242!4d112.6151616!16s%2Fg%2F11cjhzhxg7!19sChIJvXYzPtT_dy4RD4WYwS1aRD0?authuser=0&hl=id&rclk=1,2026-07-17 15:08
ATM Mandiri GSK IM SUNGKONONANKAI,atm,,,,,(021) 52997777,http://www.bankmandiri.co.id/,,,https://www.google.com/maps/place/ATM+Mandiri+GSK+IM+SUNGKONONANKAI/data=!4m7!3m6!1s0x2dd8011ea7072a33:0x677c2c6efefff9dd!8m2!3d-7.1912651!4d112.6303957!16s%2Fg%2F11yf57wmt2!19sChIJMyoHpx4B2C0R3fn__m4sfGc?authuser=0&hl=id&rclk=1,2026-07-17 15:08
ATM Mandiri GSK AM KHSAFII,atm,"4,7",3,,,(021) 52997777,http://www.bankmandiri.co.id/,,,https://www.google.com/maps/place/ATM+Mandiri+GSK+AM+KHSAFII/data=!4m7!3m6!1s0x2e77ffcf5c691863:0x77f13df29c813239!8m2!3d-7.1403883!4d112.6079131!16s%2Fg%2F11xmc_vjpc!19sChIJYxhpXM__dy4ROTKBnPI98Xc?authuser=0&hl=id&rclk=1,2026-07-17 15:08
ATM Mandiri GSK IM KPTDARMOSGNDO,atm,,,,,(021) 52997777,http://www.bankmandiri.co.id/,,,https://www.google.com/maps/place/ATM+Mandiri+GSK+IM+KPTDARMOSGNDO/data=!4m7!3m6!1s0x2dd801d793a96f85:0x270a29ad25f0403e!8m2!3d-7.1770809!4d112.6627133!16s%2Fg%2F11yf5lszdl!19sChIJhW-pk9cB2C0RPkDwJa0pCic?authuser=0&hl=id&rclk=1,2026-07-17 15:08
ATM Mandiri GSK MP GRESSMALL,atm,,,,,(021) 52997777,http://www.bankmandiri.co.id/,,,https://www.google.com/maps/place/ATM+Mandiri+GSK+MP+GRESSMALL/data=!4m7!3m6!1s0x2e77ffed0dda7965:0x7dc51787ed2f88d0!8m2!3d-7.1575849!4d112.6166395!16s%2Fg%2F11xkp9hlfk!19sChIJZXnaDe3_dy4R0Igv7YcXxX0?authuser=0&hl=id&rclk=1,2026-07-17 15:08
Mandiri Micro Business Unit Gresik Kota Baru,atm,"2,7",51,,,(031) 3955603,http://www.bankmandiri.co.id/,,,https://www.google.com/maps/place/Mandiri+Micro+Business+Unit+Gresik+Kota+Baru/data=!4m7!3m6!1s0x2e77fe22019dfd8f:0x12a316da9f189e69!8m2!3d-7.1352139!4d112.6156778!16s%2Fg%2F1hc1q1lcv!19sChIJj_2dASL-dy4RaZ4Yn9oWoxI?authuser=0&hl=id&rclk=1,2026-07-17 15:08
ATM Mandiri GSK IM EKONOMISAFIR,atm,,,,,(021) 52997777,http://www.bankmandiri.co.id/,,,https://www.google.com/maps/place/ATM+Mandiri+GSK+IM+EKONOMISAFIR/data=!4m7!3m6!1s0x2e77ffd346e97aaf:0xc47a9c4e649dcaf9!8m2!3d-7.1462159!4d112.5962365!16s%2Fg%2F11xkpbws68!19sChIJr3rpRtP_dy4R-cqdZE6cesQ?authuser=0&hl=id&rclk=1,2026-07-17 15:08
ATM Mandiri GSK CB MANYARCRM,atm,,,,,(021) 52997777,http://www.bankmandiri.co.id/,,,https://www.google.com/maps/place/ATM+Mandiri+GSK+CB+MANYARCRM/data=!4m7!3m6!1s0x2e77ff7aec9b38bb:0xb7e99a448d3d2192!8m2!3d-7.1350382!4d112.6156563!16s%2Fg%2F11mdvxdygy!19sChIJuzib7Hr_dy4RkiE9jUSa6bc?authuser=0&hl=id&rclk=1,2026-07-17 15:08
ATM Mandiri GSK ID WILMAR,atm,,,,,(021) 52997777,http://www.bankmandiri.co.id/,,,https://www.google.com/maps/place/ATM+Mandiri+GSK+ID+WILMAR/data=!4m7!3m6!1s0x2dd8014176d03575:0xcb4cd867d4eeb6e2!8m2!3d-7.1806407!4d112.6633074!16s%2Fg%2F11yf56z318!19sChIJdTXQdkEB2C0R4rbu1GfYTMs?authuser=0&hl=id&rclk=1,2026-07-17 15:08
